recorded_at,brand,date,previous_date,stores,events,note
2026-09-04T17:19:57+00:00,publicstorage,2026-08-31,,4670,0,first snapshot
2026-09-04T17:19:57+00:00,cubesmart,2026-09-01,,1515,0,first snapshot
2026-09-04T17:19:57+00:00,cubesmart,2026-09-02,2026-09-01,1355,6662,
2026-09-04T17:19:58+00:00,cubesmart,2026-09-03,2026-09-02,1516,5618,
2026-09-04T17:19:58+00:00,cubesmart,2026-09-04,2026-09-03,1519,3080,
2026-09-04T17:19:58+00:00,storagesense,2026-09-02,,309,0,first snapshot
2026-09-04T17:19:59+00:00,storagesense,2026-09-03,2026-09-02,309,566,
2026-09-04T17:19:59+00:00,storagesense,2026-09-04,2026-09-03,309,313,
2026-09-05T03:24:26+00:00,publicstorage,2026-09-04,2026-08-31,4672,55764,
2026-09-05T03:24:26+00:00,uhaul,2026-09-04,,2023,0,first snapshot
2026-09-06T00:39:27+00:00,cubesmart,2026-09-05,2026-09-04,1578,12807,
2026-09-06T00:39:31+00:00,storagesense,2026-09-05,2026-09-04,309,678,
2026-09-06T00:39:33+00:00,uhaul,2026-09-05,2026-09-04,2023,1477,
2026-09-06T00:39:34+00:00,storagemart,2026-09-05,,198,0,first snapshot
2026-09-06T23:06:12+00:00,publicstorage,2026-09-05,2026-09-04,4672,6603,
2026-09-06T23:06:18+00:00,cubesmart,2026-09-06,2026-09-05,1578,5234,
2026-09-06T23:06:24+00:00,storagesense,2026-09-06,2026-09-05,309,174,
2026-09-06T23:06:28+00:00,uhaul,2026-09-06,2026-09-05,2022,926,
2026-09-06T23:06:30+00:00,storagemart,2026-09-06,2026-09-05,198,283,
2026-09-07T15:54:44+00:00,cubesmart,2026-09-07,2026-09-06,1578,904,
2026-09-07T15:54:51+00:00,storagesense,2026-09-07,2026-09-06,309,102,
2026-09-07T15:54:56+00:00,uhaul,2026-09-07,2026-09-06,2023,442,
2026-09-07T15:55:00+00:00,storagemart,2026-09-07,2026-09-06,198,40,
2026-09-07T19:23:15+00:00,publicstorage,2026-09-07,2026-09-05,4672,10172,
2026-09-07T20:06:21+00:00,publicstorage,2026-09-06,2026-09-05,4672,6497,
2026-09-08T18:37:01+00:00,storagesense,2026-09-08,2026-09-07,309,191,
2026-09-08T18:37:09+00:00,uhaul,2026-09-08,2026-09-07,2023,1580,
2026-09-08T18:37:16+00:00,storagemart,2026-09-08,2026-09-07,198,102,
2026-09-09T22:59:47+00:00,cubesmart,2026-09-09,2026-09-07,1578,23471,
2026-09-09T23:00:01+00:00,storagesense,2026-09-09,2026-09-08,311,823,
2026-09-09T23:00:13+00:00,uhaul,2026-09-09,2026-09-08,2023,1736,
2026-09-09T23:00:23+00:00,storagemart,2026-09-09,2026-09-08,198,1231,
