date,store_id,units_avail,cheapest_10x10,median_price,listings
2026-04-29,6137,124,78,108.5,14
2026-04-29,5465,20,61,75,9
2026-04-29,6169,73,83,99,13
2026-04-29,5892,34,78,94.0,12
2026-04-29,2651,14,129,148,7
2026-04-29,5470,64,45,74,21
2026-04-29,6346,40,25,60,9
2026-04-29,5466,16,56,71,9
2026-04-29,6234,82,34,53.0,14
2026-04-29,6207,254,29,33,27
2026-04-29,5792,82,59,80,13
2026-04-29,6193,200,43,93,5
2026-04-29,5469,56,103,110.0,16
2026-04-29,6072,52,61,91,13
2026-04-29,6292,93,58,94,17
2026-04-29,5789,92,61,76.0,6
2026-04-29,6463,355,44,58.0,6
2026-04-29,6175,32,86,106.0,4
2026-04-29,6174,154,51,56,7
2026-04-29,6076,45,110,137,7
2026-04-29,6246,120,80,80,13
2026-04-29,5476,33,86,115.0,12
2026-04-29,1860,60,90,79.5,8
2026-04-29,6339,418,70,63.0,14
2026-04-29,5839,54,106,69,11
2026-04-29,2503,66,91,60,7
2026-04-29,2508,36,,48,9
2026-04-29,2036,605,60,49.0,26
2026-04-29,6080,65,80,77.5,14
2026-04-29,6079,45,101,135,15
2026-04-29,2496,65,57,60.5,10
2026-04-29,1683,11,92,125,7
2026-04-29,2642,52,81,34.5,4
2026-04-29,6248,63,98,132,9
2026-04-29,6247,123,90,90.0,16
2026-04-29,6243,94,47,52,7
2026-04-29,2021,21,82,85.5,16
2026-04-29,6448,336,52,52,11
2026-04-29,6288,353,66,109,21
2026-04-29,6166,91,104,113.5,8
2026-04-29,5840,61,129,129.5,16
2026-04-29,6235,32,133,195.0,10
2026-04-29,5791,54,78,110,15
2026-04-29,1676,58,83,111,11
2026-04-29,5549,14,158,143,7
2026-04-29,5886,45,105,141,7
2026-04-29,2498,77,152,151.5,12
2026-04-29,1862,30,86,89.5,12
2026-04-29,6242,177,105,107.0,12
2026-04-29,2278,29,64,87.0,10
2026-04-29,6244,155,78,102.0,10
2026-04-29,6345,548,55,55,21
2026-04-29,5319,31,126,162,13
2026-04-29,6077,165,97,128.0,18
2026-04-29,1679,12,,123.0,4
2026-04-29,2291,34,106,112,13
2026-04-29,1861,10,,39.5,4
2026-04-29,5501,31,61,68.0,14
2026-04-29,6249,156,79,104.0,16
2026-04-29,1680,53,132,133.5,18
2026-04-29,6078,75,99,123.0,14
2026-04-29,5441,38,69,87.5,8
2026-04-29,5407,33,107,107,13
2026-04-29,1684,29,100,105,15
2026-04-29,1859,25,95,149.0,8
2026-04-29,1113,59,88,88,15
2026-04-29,6484,115,68,72.0,16
2026-04-29,1235,13,75,118.5,8
2026-04-29,2022,33,92,136.0,12
2026-04-29,5345,57,68,76,19
2026-04-29,6220,130,78,78,13
2026-04-29,6413,524,66,87,19
2026-04-29,1858,13,,129,5
2026-04-29,1678,15,,44.5,8
2026-04-29,5412,20,92,144.5,12
2026-04-29,1677,24,85,119,13
2026-04-29,1072,30,99,48,7
2026-04-29,5475,28,62,62,5
2026-04-29,1675,85,94,123.5,18
2026-04-29,1342,40,173,177.5,12
2026-04-29,5734,90,68,67.5,10
2026-04-29,2289,45,88,88,11
2026-04-29,2018,98,53,38,11
2026-04-29,5366,10,124,186.5,8
2026-04-29,5442,74,72,82.5,22
2026-04-29,1682,8,283,175.0,6
2026-04-29,6245,128,101,96.0,10
2026-04-29,1100,11,140,152,7
2026-04-29,6318,81,47,49,9
2026-04-29,1685,31,61,64.0,10
2026-04-29,1034,31,66,96.5,10
2026-04-29,1686,36,104,133,17
2026-04-29,1681,32,121,136,13
2026-04-29,6136,184,80,96.0,12
2026-04-29,1939,41,89,80.0,10
2026-04-29,1010,27,73,161.0,10
2026-04-29,1236,71,66,55,7
2026-04-29,6251,67,190,137.5,22
2026-04-29,2210,18,280,150,9
2026-04-29,1704,42,202,323.0,20
2026-04-29,2212,37,128,155.0,22
2026-04-29,6253,59,134,179.5,14
2026-04-29,1940,26,157,103.0,18
2026-04-29,2235,108,212,115.0,20
2026-04-29,2236,18,305,221,11
2026-04-29,2228,20,,161.5,6
2026-04-29,1689,51,380,248.0,18
2026-04-29,2321,107,263,148,7
2026-04-29,2058,28,263,276.5,12
2026-04-29,2209,46,161,162.0,6
2026-04-29,5480,27,,120,15
2026-04-29,2173,37,281,288.0,12
2026-04-29,2211,232,174,174.0,16
2026-04-29,2222,16,331,363.0,4
2026-04-29,5566,45,106,128,15
2026-04-29,2192,81,116,143.0,22
2026-04-29,1582,70,159,160.5,18
2026-04-29,1698,29,153,153,13
2026-04-29,1512,55,118,164.0,10
2026-04-29,5382,39,152,169.5,14
2026-04-29,2215,48,113,122.0,16
2026-04-29,6241,654,184,184,21
2026-04-29,6254,73,207,94.5,6
2026-04-29,2536,55,103,143,17
2026-04-29,6255,50,426,392.0,16
2026-04-29,2053,12,249,350,9
2026-04-29,6178,104,181,272,17
2026-04-29,1692,30,264,264,13
2026-04-29,5836,165,171,176.5,20
2026-04-29,5900,51,161,161,19
2026-04-29,6250,138,362,294.5,6
2026-04-29,1697,69,247,224.0,18
2026-04-29,2206,17,172,105.5,6
2026-04-29,5485,43,178,220.0,16
2026-04-29,2057,22,175,174.5,12
2026-04-29,1690,52,138,147,25
2026-04-29,6236,503,42,34.5,12
2026-04-29,5590,33,189,302.5,16
2026-04-29,6262,137,93,118,7
2026-04-29,2208,69,123,117,19
2026-04-29,5220,42,229,211.0,14
2026-04-29,2253,60,158,126.5,16
2026-04-29,2518,84,308,153.5,14
2026-04-29,1656,41,322,325,19
2026-04-29,2430,59,249,184.5,12
2026-04-29,5565,152,131,139.0,22
2026-04-29,1863,30,168,259,15
2026-04-29,1694,36,150,150,17
2026-04-29,5269,269,186,121,13
2026-04-29,5481,16,274,267,9
2026-04-29,2227,13,367,232,5
2026-04-29,2054,36,218,186,21
2026-04-29,2436,67,153,79.0,16
2026-04-29,2560,121,158,126.5,20
2026-04-29,2627,44,199,131.5,20
2026-04-29,2216,21,212,180,7
2026-04-29,1864,139,133,248,21
2026-04-29,2231,44,125,129,11
2026-04-29,6252,31,237,196.0,8
2026-04-29,1705,43,151,201.5,18
2026-04-29,2055,15,307,306.0,10
2026-04-29,5799,24,165,245.0,10
2026-04-29,1709,36,128,188.5,14
2026-04-29,2061,8,308,262,5
2026-04-29,2381,29,180,180,9
2026-04-29,2224,35,183,147.0,20
2026-04-29,2214,17,,133,7
2026-04-29,2217,49,,118,11
2026-04-29,6304,46,283,299.5,6
2026-04-29,2223,22,271,242,15
2026-04-29,1937,35,87,95,13
2026-04-29,6483,382,66,73,11
2026-04-29,6256,73,125,133,11
2026-04-29,1231,42,139,156,15
2026-04-29,2189,52,144,201,11
2026-04-29,1664,35,119,119,17
2026-04-29,5622,75,126,126,11
2026-04-29,2260,55,155,269.5,10
2026-04-29,2220,41,203,210.5,12
2026-04-29,2207,25,153,133.5,14
2026-04-29,2257,29,166,166,11
2026-04-29,1868,9,196,196.5,8
2026-04-29,2180,168,99,122,33
2026-04-29,2185,24,148,167,13
2026-04-29,6416,102,145,145,7
2026-04-29,2567,65,136,103.5,16
2026-04-29,1699,4,,416.5,4
2026-04-29,6421,10,183,183,7
2026-04-29,5862,220,226,190,19
2026-04-29,5400,144,285,364.0,14
2026-04-29,2062,12,250,223,7
2026-04-29,1708,16,,283,9
2026-04-29,1695,34,143,233.0,20
2026-04-29,5898,81,187,240,15
2026-04-29,1696,19,134,147.0,6
2026-04-29,2287,27,160,143,9
2026-04-29,6259,83,144,120.0,14
2026-04-29,2064,27,180,198.5,18
2026-04-29,2181,64,137,199,11
2026-04-29,1865,13,224,224,7
2026-04-29,2202,22,217,217,11
2026-04-29,2221,29,258,188,15
2026-04-29,5285,39,197,198.0,14
2026-04-29,1651,48,171,180,11
2026-04-29,1636,70,134,90.0,24
2026-04-29,6258,72,106,97.5,16
2026-04-29,2205,13,133,137,7
2026-04-29,2532,54,151,183,13
2026-04-29,2063,33,140,219.0,10
2026-04-29,1688,13,290,142,9
2026-04-29,6370,53,100,130.5,6
2026-04-29,2230,19,157,111.0,10
2026-04-29,6257,47,208,121,13
2026-04-29,5854,114,95,130.0,6
2026-04-29,6138,106,92,70,5
2026-04-29,1514,29,177,155,13
2026-04-29,6464,669,64,71.0,10
2026-04-29,1700,31,103,110.0,10
2026-04-29,1713,22,199,212.0,14
2026-04-29,5383,41,187,263,15
2026-04-29,1866,48,244,248.0,26
2026-04-29,2167,31,281,253,13
2026-04-29,2037,35,,200,13
2026-04-29,1712,48,348,241,13
2026-04-29,2234,151,,147.5,10
2026-04-29,1707,34,174,121.5,12
2026-04-29,2023,24,182,166.0,18
2026-04-29,1706,32,188,187,21
2026-04-29,5228,491,100,93.5,30
2026-04-29,6261,55,210,86.5,12
2026-04-29,2056,22,221,264,15
2026-04-29,1701,13,201,143.5,6
2026-04-29,1702,25,148,214,13
2026-04-29,1517,29,122,81.0,10
2026-04-29,1710,51,188,355.5,20
2026-04-29,1691,66,178,178,11
2026-04-29,2282,142,187,194.5,12
2026-04-29,1367,19,302,302,9
2026-04-29,2225,13,183,173,7
2026-04-29,6161,235,236,181.5,10
2026-04-29,6314,830,110,132.0,10
2026-04-29,5899,138,130,130,13
2026-04-29,6371,91,111,97,11
2026-04-29,1693,38,248,85,13
2026-04-29,6276,172,90,82.0,6
2026-04-29,5794,42,101,131.5,6
2026-04-29,1867,42,,144,15
2026-04-29,6332,111,74,69,9
2026-04-29,5901,41,114,106.5,10
2026-04-29,2229,61,203,164,11
2026-04-29,2500,24,149,179,15
2026-04-29,1687,103,163,225.5,32
2026-04-29,2232,22,219,159,9
2026-04-29,2271,34,231,228,21
2026-04-29,2255,37,267,219.5,16
2026-04-29,1703,22,136,145.0,12
2026-04-29,1711,30,143,127,9
2026-04-29,6173,47,195,212.5,8
2026-04-29,2270,32,197,197,15
2026-04-29,6260,210,78,114.5,12
2026-04-29,2237,17,155,71.5,10
2026-04-29,6422,645,127,146.5,10
2026-04-29,2218,15,145,145,11
2026-04-29,6308,125,128,126,21
2026-04-29,1941,36,164,114.5,10
2026-04-29,2059,30,180,217.0,18
2026-04-29,1630,17,213,146.5,4
2026-04-29,5386,230,173,102,19
2026-04-29,2272,42,139,138.5,14
2026-04-29,2060,22,304,304.0,14
2026-04-29,5265,79,71,66.5,22
2026-04-29,6156,90,90,108.0,8
2026-04-29,2386,35,107,116,11
2026-04-29,6099,28,124,139,7
2026-04-29,1055,54,67,85.0,14
2026-04-29,5426,35,104,127,13
2026-04-29,6097,20,92,92,5
2026-04-29,2573,30,125,136.5,12
2026-04-29,6226,23,102,67,7
2026-04-29,6316,56,127,127,7
2026-04-29,5762,35,111,123.5,14
2026-04-29,5424,31,125,239.0,16
2026-04-29,5236,100,116,79.0,12
2026-04-29,1671,25,76,97,7
2026-04-29,2522,51,71,100.5,20
2026-04-29,1201,67,,91,11
2026-04-29,6114,9,182,181,3
2026-04-29,6069,29,112,120.5,6
2026-04-29,6112,26,68,68,9
2026-04-29,6108,12,188,172.5,6
2026-04-29,6110,22,117,117,5
2026-04-29,5312,111,90,90,11
2026-04-29,5639,82,46,46,13
2026-04-29,6228,97,81,68,17
2026-04-29,6498,228,68,68,5
2026-04-29,6281,127,50,31,17
2026-04-29,5301,130,70,55.0,16
2026-04-29,1031,86,34,58,15
2026-04-29,5640,46,85,85,11
2026-04-29,6101,9,140,154,5
2026-04-29,1382,59,108,108,5
2026-04-29,2521,98,98,48.5,10
2026-04-29,1258,109,73,83,9
2026-04-29,2387,81,94,78,13
2026-04-29,6103,51,95,99.0,10
2026-04-29,1230,14,112,114,7
2026-04-29,2611,206,94,62,27
2026-04-29,5227,279,97,61,13
2026-04-29,1019,33,104,95,17
2026-04-29,5249,93,101,50,15
2026-04-29,5623,77,93,138,11
2026-04-29,6317,23,156,206,5
2026-04-29,6480,414,98,102.0,18
2026-04-29,1246,5,139,230.5,4
2026-04-29,6348,7,158,205.0,4
2026-04-29,1715,15,81,88,7
2026-04-29,2117,38,73,74,15
2026-04-29,2118,17,102,160.0,14
2026-04-29,6105,8,,96.5,4
2026-04-29,5433,58,99,99,15
2026-04-29,5413,53,81,87,13
2026-04-29,1180,54,,38,15
2026-04-29,1167,54,140,257,7
2026-04-29,1056,204,62,69,23
2026-04-29,1176,24,154,158.5,12
2026-04-29,2388,20,105,114,7
2026-04-29,5500,92,117,51.0,10
2026-04-29,2389,52,160,160,15
2026-04-29,1188,23,145,90.0,6
2026-04-29,6372,64,120,141.0,10
2026-04-29,6240,116,84,109,13
2026-04-29,6347,36,67,83.0,4
2026-04-29,1872,22,106,106,9
2026-04-29,5577,36,148,189.0,14
2026-04-29,2174,29,67,53.0,10
2026-04-29,5342,26,150,152.0,16
2026-04-29,5221,249,76,61.0,18
2026-04-29,1871,34,99,137.5,14
2026-04-29,1006,49,137,151.5,14
2026-04-29,6461,347,52,64.5,14
2026-04-29,6106,8,143,206,7
2026-04-29,1160,47,119,138.5,6
2026-04-29,2523,331,70,46.0,24
2026-04-29,5250,26,198,144.5,8
2026-04-29,1066,35,88,57,7
2026-04-29,1186,40,170,101,7
2026-04-29,1239,92,127,97.5,14
2026-04-29,2201,52,117,123.5,22
2026-04-29,6477,644,58,74,13
2026-04-29,1644,29,93,103,5
2026-04-29,1046,63,77,166.0,18
2026-04-29,5486,21,122,123.5,14
2026-04-29,1084,7,137,105,5
2026-04-29,1154,23,158,268,9
2026-04-29,1262,29,155,207,5
2026-04-29,5409,80,96,78.0,18
2026-04-29,1441,35,132,146.0,10
2026-04-29,1286,41,167,159,7
2026-04-29,1667,24,195,197.5,10
2026-04-29,1412,9,118,118,3
2026-04-29,1081,41,286,199,7
2026-04-29,1040,19,252,144,5
2026-04-29,1445,23,117,141,7
2026-04-29,2195,1,,587,1
2026-04-29,1934,39,105,102,15
2026-04-29,6017,92,55,76,23
2026-04-29,2146,28,134,139,17
2026-04-29,2137,37,112,89.0,16
2026-04-29,2537,22,116,140.5,8
2026-04-29,2254,28,203,184.0,16
2026-04-29,5830,39,113,112.5,8
2026-04-29,5813,66,47,49,17
2026-04-29,5825,4,,51.0,2
2026-04-29,2300,27,170,291.5,12
2026-04-29,2391,95,119,197,15
2026-04-29,5300,6,271,404.5,4
2026-04-29,2301,27,189,324,13
2026-04-29,6046,73,,27,3
2026-04-29,2444,150,54,50.5,22
2026-04-29,2393,30,254,194.5,12
2026-04-29,2392,39,106,107.0,20
2026-04-29,6152,38,101,68.0,12
2026-04-29,2542,62,,46,19
2026-04-29,6150,220,107,93.0,20
2026-04-29,2302,61,76,89.0,18
2026-04-29,5844,124,48,62,11
2026-04-29,2147,65,53,83,15
2026-04-29,1619,108,106,88.0,20
2026-04-29,6377,42,80,67.0,14
2026-04-29,6378,44,76,101.5,16
2026-04-29,6179,147,47,64.0,16
2026-04-29,6291,124,54,64.0,14
2026-04-29,6423,351,46,64,11
2026-04-29,2303,69,88,86.5,18
2026-04-29,6488,289,79,112,11
2026-04-29,6020,39,130,114.0,14
2026-04-29,2394,48,100,131,19
2026-04-29,2512,54,99,80.0,22
2026-04-29,2395,91,100,112.0,18
2026-04-29,6199,214,34,54,21
2026-04-29,6489,345,103,163.5,18
2026-04-29,2396,105,233,94.0,16
2026-04-29,1577,53,179,95.5,14
2026-04-29,6327,132,191,249,17
2026-04-29,2397,32,220,391.5,12
2026-04-29,2065,29,152,152,15
2026-04-29,2149,30,117,135,13
2026-04-29,2445,15,161,125,9
2026-04-29,5258,31,199,303,13
2026-04-29,1634,47,99,73,17
2026-04-29,2398,31,165,264.0,14
2026-04-29,1718,26,,229,9
2026-04-29,2406,36,202,202,13
2026-04-29,5555,12,127,396,9
2026-04-29,5398,128,51,51,25
2026-04-29,2447,41,37,47.0,16
2026-04-29,2446,59,56,73.0,10
2026-04-29,5554,57,75,91.0,18
2026-04-29,2304,180,25,53.5,26
2026-04-29,2399,17,129,118,11
2026-04-29,6277,327,32,30,21
2026-04-29,2242,29,83,76,9
2026-04-29,6200,63,104,156.5,10
2026-04-29,6237,63,97,107.5,16
2026-04-29,6289,257,101,84.5,16
2026-04-29,2268,57,143,96,15
2026-04-29,2400,24,156,101,15
2026-04-29,6024,245,54,54.0,28
2026-04-29,5841,76,118,118,13
2026-04-29,2401,35,63,62.5,10
2026-04-29,5315,42,129,123.0,20
2026-04-29,1573,75,155,64.5,16
2026-04-29,2263,28,169,208,19
2026-04-29,2630,48,127,84.0,10
2026-04-29,5769,66,165,187,11
2026-04-29,2448,32,135,140,13
2026-04-29,1635,54,150,105,19
2026-04-29,6373,32,126,106.0,6
2026-04-29,5402,357,124,163.0,20
2026-04-29,6403,33,74,74,9
2026-04-29,5578,19,,222,11
2026-04-29,1043,33,111,111,7
2026-04-29,6490,115,114,209.0,12
2026-04-29,1622,43,141,141,9
2026-04-29,6433,104,106,109.0,14
2026-04-29,1665,109,196,293,25
2026-04-29,2538,50,134,134.5,14
2026-04-29,2285,63,107,120,19
2026-04-29,2450,64,77,91.0,20
2026-04-29,6482,628,77,81.5,10
2026-04-29,6362,23,59,59,11
2026-04-29,2449,38,100,124,13
2026-04-29,6360,90,58,58,11
2026-04-29,2305,57,70,74.0,14
2026-04-29,2539,49,92,76,19
2026-04-29,2505,158,114,64,17
2026-04-29,2402,24,134,144.5,14
2026-04-29,2531,39,116,130.5,14
2026-04-29,6021,51,70,93.0,16
2026-04-29,2306,42,136,85.5,16
2026-04-29,2403,19,98,56,9
2026-04-29,1719,40,156,93.0,12
2026-04-29,6402,76,86,84,9
2026-04-29,2540,54,90,90,11
2026-04-29,2143,41,117,122.0,20
2026-04-29,1717,42,101,131,15
2026-04-29,2150,48,103,123.5,16
2026-04-29,2451,112,88,102,19
2026-04-29,2405,36,127,52.5,16
2026-04-29,5440,285,157,112,17
2026-04-29,5605,314,127,91,19
2026-04-29,6282,358,134,54,11
2026-04-29,2524,47,197,210.5,18
2026-04-29,1580,31,332,158.5,8
2026-04-29,1642,38,486,161.5,8
2026-04-29,1574,58,233,318.5,24
2026-04-29,2632,32,228,178.0,10
2026-04-29,5314,69,152,121,15
2026-04-29,6458,1279,134,149.5,10
2026-04-29,1572,85,228,124,21
2026-04-29,5896,124,109,126,13
2026-04-29,2613,114,186,83,13
2026-04-29,1466,38,135,98.5,16
2026-04-29,5746,56,193,197.5,16
2026-04-29,1662,39,181,135.5,14
2026-04-29,5316,44,161,103.5,16
2026-04-29,1575,34,346,395.0,8
2026-04-29,5317,37,195,192.0,16
2026-04-29,1606,63,121,114.5,14
2026-04-29,1579,37,164,221.5,14
2026-04-29,2407,20,108,110.5,10
2026-04-29,6343,55,69,69,9
2026-04-29,5756,48,70,70,9
2026-04-29,2431,48,137,120,9
2026-04-29,5334,92,54,78.0,20
2026-04-29,2470,136,98,48.5,26
2026-04-29,5833,52,130,147.5,10
2026-04-29,5552,292,45,25.5,12
2026-04-29,6018,74,71,80,15
2026-04-29,6008,60,56,75,17
2026-04-29,2307,28,112,86.0,12
2026-04-29,6215,91,53,53,21
2026-04-29,1578,41,346,152,11
2026-04-29,5852,25,232,126,9
2026-04-29,2156,31,202,111.5,14
2026-04-29,2158,16,170,170,5
2026-04-29,2312,52,91,91,7
2026-04-29,2159,33,131,107,13
2026-04-29,2309,36,254,99.0,12
2026-04-29,2308,43,133,95.5,22
2026-04-29,5303,42,81,79.5,18
2026-04-29,2462,3,,280,3
2026-04-29,2152,49,95,101.0,12
2026-04-29,1873,137,90,71,19
2026-04-29,5807,51,82,102.0,12
2026-04-29,5831,36,74,98.0,10
2026-04-29,5811,104,44,57,21
2026-04-29,5860,28,186,175,7
2026-04-29,5815,96,53,64.0,10
2026-04-29,5820,133,50,54,13
2026-04-29,2311,102,52,65,13
2026-04-29,5816,68,45,54.0,10
2026-04-29,5829,22,88,88,15
2026-04-29,5826,40,69,70,5
2026-04-29,5812,19,,67,7
2026-04-29,5824,59,54,54,5
2026-04-29,5809,58,58,85.5,10
2026-04-29,5819,49,46,78,5
2026-04-29,5822,28,51,51,13
2026-04-29,5827,25,50,50,5
2026-04-29,5821,65,52,60.0,12
2026-04-29,6212,62,49,65.5,10
2026-04-29,5810,80,50,51.5,6
2026-04-29,2310,309,42,34,21
2026-04-29,5814,85,59,68,17
2026-04-29,5823,41,62,89,11
2026-04-29,5808,133,54,67,13
2026-04-29,6375,55,50,68.5,10
2026-04-29,5828,25,,73.0,2
2026-04-29,5817,13,85,85,3
2026-04-29,5818,18,41,42,7
2026-04-29,5859,29,66,102.5,12
2026-04-29,5832,34,76,91.0,10
2026-04-29,2155,25,115,115,9
2026-04-29,6007,35,117,185.5,12
2026-04-29,2139,7,,158,3
2026-04-29,2541,44,94,94,15
2026-04-29,2157,3,62,97.5,2
2026-04-29,2313,123,67,20,15
2026-04-29,2144,54,92,119.0,20
2026-04-29,2283,15,82,82,11
2026-04-29,2453,22,88,98,11
2026-04-29,1935,35,102,102,11
2026-04-29,2140,33,81,97.5,10
2026-04-29,6351,20,122,122,5
2026-04-29,5877,32,77,137,9
2026-04-29,2284,66,55,55.0,22
2026-04-29,2526,17,143,61,9
2026-04-29,2454,41,81,188.5,10
2026-04-29,2408,66,82,106,11
2026-04-29,2141,49,129,129,15
2026-04-29,2153,28,163,92,7
2026-04-29,6010,119,58,74,9
2026-04-29,2148,31,83,110,7
2026-04-29,6011,43,56,74.5,12
2026-04-29,2409,57,72,96,9
2026-04-29,2142,56,109,197.5,10
2026-04-29,6481,80,44,42.0,6
2026-04-29,6019,66,67,62.5,18
2026-04-29,6405,121,82,108.0,18
2026-04-29,6013,74,82,96,19
2026-04-29,2410,79,100,49,15
2026-04-29,2315,121,232,106.5,12
2026-04-29,2314,53,167,113.5,16
2026-04-29,6012,104,46,58,17
2026-04-29,6359,126,62,87.5,8
2026-04-29,6358,20,66,77,9
2026-04-29,6426,62,138,117.0,8
2026-04-29,1663,36,208,205,15
2026-04-29,2411,41,137,152,11
2026-04-29,2455,34,103,103.5,10
2026-04-29,5771,90,82,85,11
2026-04-29,6009,69,76,115,15
2026-04-29,5281,51,77,83.5,12
2026-04-29,6328,138,180,226,9
2026-04-29,2264,56,92,94.0,20
2026-04-29,1576,61,137,137,19
2026-04-29,6056,23,194,203.0,12
2026-04-29,5443,85,61,78,23
2026-04-29,2316,25,76,87.5,12
2026-04-29,2481,193,111,57,15
2026-04-29,6374,18,85,85,5
2026-04-29,5472,82,57,87.5,20
2026-04-29,6442,339,46,35.5,8
2026-04-29,2456,69,68,89,17
2026-04-29,6202,210,76,76,11
2026-04-29,6014,65,85,103.5,16
2026-04-29,6404,61,108,109.5,20
2026-04-29,1518,61,143,141,21
2026-04-29,2457,58,67,93.5,24
2026-04-29,2543,74,185,153,21
2026-04-29,2458,70,65,111.5,24
2026-04-29,6197,94,52,48,19
2026-04-29,2472,84,63,64,17
2026-04-29,5736,109,52,52,15
2026-04-29,6432,676,46,53.0,10
2026-04-29,1874,73,98,98,13
2026-04-29,2529,18,,117.5,8
2026-04-29,2459,26,73,77.0,14
2026-04-29,6176,97,54,56,13
2026-04-29,6290,90,46,46.5,12
2026-04-29,6022,36,41,56,9
2026-04-29,6485,165,63,75.5,22
2026-04-29,6419,384,60,68.5,6
2026-04-29,6361,47,134,90,11
2026-04-29,2412,25,,128.5,8
2026-04-29,2460,134,81,86,17
2026-04-29,2404,36,134,134,9
2026-04-29,6357,148,70,111,13
2026-04-29,1581,36,165,158.5,18
2026-04-29,2151,4,,246,3
2026-04-29,2317,70,103,55.0,10
2026-04-29,2154,91,83,116.0,16
2026-04-29,2631,86,95,46,15
2026-04-29,2461,35,128,128,15
2026-04-29,1670,21,96,96,9
2026-04-29,1189,75,98,101.0,20
2026-04-29,5719,105,157,125.5,12
2026-04-29,5444,40,173,187,13
2026-04-29,6434,129,65,65,19
2026-04-29,6023,88,75,42.5,16
2026-04-29,5350,58,53,61,15
2026-04-29,6379,22,122,149.0,12
2026-04-29,2413,64,88,88,9
2026-04-29,2318,88,65,65,9
2026-04-29,6045,57,279,86,9
2026-04-29,6476,697,76,82,11
2026-04-29,2320,57,131,73.0,18
2026-04-29,1875,137,70,70,25
2026-04-29,2319,53,126,158.5,16
2026-04-29,6353,376,78,68.0,12
2026-04-29,1876,333,113,115.0,34
2026-04-29,5219,33,174,183,9
2026-04-29,2241,144,106,124.0,22
2026-04-29,2415,33,303,307,17
2026-04-29,2414,32,248,241.5,10
2026-04-29,6016,77,179,193.5,12
2026-04-29,6015,52,101,148.0,16
2026-04-29,6320,120,74,75.0,4
2026-04-29,6376,75,96,122,11
2026-04-29,2145,39,62,122.5,18
2026-04-29,6068,60,94,102.0,12
2026-04-29,2326,41,54,50.0,18
2026-04-29,2226,20,95,102,11
2026-04-29,1730,28,,75.5,10
2026-04-29,1723,52,53,73,5
2026-04-29,2510,31,150,150,17
2026-04-29,1725,37,48,53,5
2026-04-29,6331,229,61,65,13
2026-04-29,2422,209,53,53,21
2026-04-29,1527,17,127,143.5,10
2026-04-29,2290,6,,168.0,6
2026-04-29,1961,22,100,112,11
2026-04-29,2418,46,76,120,15
2026-04-29,1962,20,159,237.0,8
2026-04-29,2421,18,140,54.0,8
2026-04-29,2183,28,86,113,9
2026-04-29,5330,124,96,115,21
2026-04-29,5587,28,76,81.0,18
2026-04-29,5575,153,71,32,15
2026-04-29,6443,1030,72,72,15
2026-04-29,1724,27,73,84,11
2026-04-29,2416,81,33,38,15
2026-04-29,1726,106,87,74,7
2026-04-29,1603,34,71,31,11
2026-04-29,2417,55,74,89.5,18
2026-04-29,1604,23,,64.0,12
2026-04-29,1722,40,62,122,7
2026-04-29,1602,12,,206,5
2026-04-29,1609,48,81,193.5,14
2026-04-29,1728,67,68,71,17
2026-04-29,6232,9,97,132,5
2026-04-29,5624,61,85,104,7
2026-04-29,5326,39,64,117.5,14
2026-04-29,5435,38,77,105.5,18
2026-04-29,5325,30,81,104.0,6
2026-04-29,6004,85,52,89.0,20
2026-04-29,6312,374,43,44.0,12
2026-04-29,2184,12,80,68,5
2026-04-29,6380,99,72,72,7
2026-04-29,6435,46,56,56,9
2026-04-29,5423,36,68,68.5,14
2026-04-29,6497,94,93,69.5,6
2026-04-29,6430,104,79,113.5,14
2026-04-29,6001,49,62,62,11
2026-04-29,2025,56,56,62,19
2026-04-29,5722,23,,25,9
2026-04-29,5576,60,53,51.5,16
2026-04-29,5588,54,74,28.5,20
2026-04-29,1668,97,53,87,17
2026-04-29,2281,29,60,60.0,12
2026-04-29,1729,35,55,115.0,14
2026-04-29,1616,20,,26.5,10
2026-04-29,1727,21,76,88.0,8
2026-04-29,2024,27,89,94,11
2026-04-29,1721,18,101,127.0,12
2026-04-29,6233,42,74,111.0,4
2026-04-29,6057,142,187,197,23
2026-04-29,6062,141,139,169.0,32
2026-04-29,6418,337,31,33.5,18
2026-04-29,6132,184,119,119,23
2026-04-29,6003,76,32,56,9
2026-04-29,5468,132,28,29,21
2026-04-29,6222,39,100,61.5,16
2026-04-29,5863,174,53,39.5,8
2026-04-29,6224,96,119,139,17
2026-04-29,6427,63,72,96.5,4
2026-04-29,1605,77,50,59.5,22
2026-04-29,5868,24,83,67.0,4
2026-04-29,6325,206,50,50,7
2026-04-29,5867,125,47,47,11
2026-04-29,5866,30,61,61,9
2026-04-29,6365,82,46,40.0,10
2026-04-29,6459,65,72,76.5,6
2026-04-29,6344,361,50,50,9
2026-04-29,6508,270,102,105.5,6
2026-04-29,6507,393,59,92.0,16
2026-04-29,2419,39,66,74,11
2026-04-29,6005,23,45,24,5
2026-04-29,2038,39,52,40.0,16
2026-04-29,1720,66,39,35,17
2026-04-29,1942,13,74,78,9
2026-04-29,5263,26,53,53,11
2026-04-29,5262,40,97,103.5,18
2026-04-29,2420,25,,110,7
2026-04-29,1528,0,,,0
2026-04-29,6060,126,72,106.5,12
2026-04-29,5570,52,38,65,13
2026-04-29,2280,30,77,85.5,16
2026-04-29,1620,23,39,79.0,14
2026-04-29,6223,142,35,57.5,22
2026-04-29,5748,40,67,67.0,8
2026-04-29,5870,108,129,139,27
2026-04-29,6352,346,51,52.5,14
2026-04-29,6153,281,42,34,11
2026-04-29,6449,328,37,58,7
2026-04-29,2327,57,101,127.0,16
2026-04-29,6285,51,70,74.5,14
2026-04-29,2572,53,89,107.0,14
2026-04-29,2328,20,83,214.5,8
2026-04-29,2329,24,117,140,11
2026-04-29,6415,54,100,126.0,10
2026-04-29,6364,24,85,102,9
2026-04-29,6363,42,69,95.5,8
2026-04-29,6002,28,48,124,11
2026-04-29,1296,12,430,319.0,6
2026-04-29,2179,46,312,182,15
2026-04-29,1335,14,524,306,9
2026-04-29,1669,23,363,474.5,8
2026-04-29,1035,7,514,480.0,4
2026-04-29,6071,53,279,352,15
2026-04-29,6263,26,558,492.0,8
2026-04-29,1422,22,516,516,11
2026-04-29,6264,34,387,333.0,10
2026-04-29,2276,47,241,258,19
2026-04-29,1519,60,269,211.0,18
2026-04-29,1298,16,324,268.0,10
2026-04-29,6367,741,173,104.0,10
2026-04-29,2275,28,304,270,13
2026-04-29,2233,23,222,191,13
2026-04-29,6409,10,151,151,7
2026-04-29,5561,65,118,142,7
2026-04-29,6410,61,161,148,15
2026-04-29,5562,45,125,132.0,6
2026-04-29,6408,79,,159,11
2026-04-29,6407,22,121,142,7
2026-04-29,6272,79,97,144,9
2026-04-29,5558,9,165,201.5,4
2026-04-29,6274,107,100,132,13
2026-04-29,6273,110,95,131.5,10
2026-04-29,6322,74,80,84.0,12
2026-04-29,5560,35,110,110,5
2026-04-29,5557,6,,177.0,2
2026-04-29,5559,36,135,137,7
2026-04-29,5851,138,62,67.0,12
2026-04-29,6412,130,69,81,15
2026-04-29,6411,58,74,109,9
2026-04-29,6275,91,102,135.0,14
2026-04-29,1877,50,116,89.5,8
2026-04-29,1022,54,147,128.0,10
2026-04-29,1016,59,104,104.5,24
2026-04-29,2040,39,91,112.0,12
2026-04-29,1327,20,65,65.0,6
2026-04-29,1195,31,71,74,11
2026-04-29,1880,39,,165,9
2026-04-29,5399,88,73,108,11
2026-04-29,1943,18,98,172.0,10
2026-04-29,1131,39,140,138.5,14
2026-04-29,1881,21,,233,7
2026-04-29,1341,39,78,65.0,12
2026-04-29,1228,52,69,69,15
2026-04-29,1277,15,95,87,7
2026-04-29,1130,18,,186,5
2026-04-29,1645,27,78,133,13
2026-04-29,5445,78,63,63,17
2026-04-29,2203,14,96,61,9
2026-04-29,1319,28,64,86.5,18
2026-04-29,1310,54,85,125.5,8
2026-04-29,2238,50,81,108.5,6
2026-04-29,5446,45,102,118.5,14
2026-04-29,1194,33,113,149.0,8
2026-04-29,2026,43,81,92.0,12
2026-04-29,1311,43,,139,11
2026-04-29,5589,80,122,129.5,16
2026-04-29,1357,26,77,118,5
2026-04-29,1334,47,60,60,17
2026-04-29,1737,27,212,193,13
2026-04-29,1250,20,,65,7
2026-04-29,1350,17,89,95.5,8
2026-04-29,5447,111,97,83,23
2026-04-29,1232,19,105,155,9
2026-04-29,5805,161,96,99,19
2026-04-29,1251,28,171,189.5,14
2026-04-29,1883,36,129,163,11
2026-04-29,1590,42,163,164.5,16
2026-04-29,1400,66,75,42.0,14
2026-04-29,1329,54,89,90.5,8
2026-04-29,1882,30,115,122.0,6
2026-04-29,1210,21,162,162,9
2026-04-29,1181,25,135,174,7
2026-04-29,1185,29,68,60.5,6
2026-04-29,1359,46,63,75.0,8
2026-04-29,5908,53,61,61,5
2026-04-29,1733,38,69,72.0,8
2026-04-29,6025,35,,145.0,6
2026-04-29,6026,17,100,130,7
2026-04-29,1878,45,144,170.5,8
2026-04-29,1259,26,,147,5
2026-04-29,1433,17,86,116.0,6
2026-04-29,1740,26,209,162.5,14
2026-04-29,1443,6,157,138,5
2026-04-29,5401,81,101,90.5,14
2026-04-29,1218,108,99,127.5,30
2026-04-29,1268,28,267,267,9
2026-04-29,1287,19,273,273,9
2026-04-29,1355,16,152,175.5,10
2026-04-29,1216,7,,33.5,2
2026-04-29,1209,13,189,269,5
2026-04-29,1293,14,,213.5,6
2026-04-29,1526,35,142,138,7
2026-04-29,1244,20,175,204,11
2026-04-29,1254,39,101,91,17
2026-04-29,1349,59,94,103.0,16
2026-04-29,1736,16,80,80,11
2026-04-29,1184,8,132,132,3
2026-04-29,1326,53,136,128.5,10
2026-04-29,1273,18,146,171,7
2026-04-29,6504,19,112,119.5,6
2026-04-29,1197,7,,136.5,4
2026-04-29,1229,14,193,182.5,10
2026-04-29,1735,14,112,74.5,10
2026-04-29,1316,49,114,146.5,16
2026-04-29,1217,18,229,229,7
2026-04-29,1739,16,244,208.0,8
2026-04-29,1297,42,91,62.5,12
2026-04-29,1308,31,212,138,9
2026-04-29,1501,24,,135,7
2026-04-29,1487,12,187,187,9
2026-04-29,1731,9,124,196,7
2026-04-29,6209,157,102,102.5,16
2026-04-29,1223,0,,,0
2026-04-29,1234,9,127,95,5
2026-04-29,1345,72,110,120.0,22
2026-04-29,1502,24,185,137.5,6
2026-04-29,1275,29,148,148,5
2026-04-29,1226,25,81,65.5,6
2026-04-29,1738,20,,106.0,10
2026-04-29,1290,30,123,102.0,12
2026-04-29,2039,14,102,71.5,6
2026-04-29,1344,41,83,56.0,10
2026-04-29,1661,32,129,85.0,6
2026-04-29,1448,141,104,104,11
2026-04-29,2204,16,87,89.0,8
2026-04-29,1098,24,73,72.0,16
2026-04-29,1190,14,100,107.5,8
2026-04-29,1166,67,94,177,9
2026-04-29,1080,49,72,64,11
2026-04-29,1091,66,79,97,9
2026-04-29,6027,53,225,170.5,8
2026-04-29,2435,44,113,113,13
2026-04-29,1741,18,115,128.0,6
2026-04-29,1110,22,95,52,9
2026-04-29,1111,20,112,136.0,12
2026-04-29,1108,33,81,62.0,14
2026-04-29,1351,10,111,43,5
2026-04-29,1289,22,165,256,5
2026-04-29,1601,11,144,110,7
2026-04-29,6382,23,,140.0,6
2026-04-29,1600,50,84,80,17
2026-04-29,1884,28,178,155,7
2026-04-29,5798,54,122,80,17
2026-04-29,1879,23,150,180.0,6
2026-04-29,1419,26,150,176.0,6
2026-04-29,1425,29,98,100.0,6
2026-04-29,1451,34,104,137.5,12
2026-04-29,1009,44,106,105.0,10
2026-04-29,1322,20,161,161,7
2026-04-29,1144,33,91,175,9
2026-04-29,1119,25,,122.0,12
2026-04-29,1339,34,101,93.5,10
2026-04-29,1405,50,81,92,23
2026-04-29,1732,49,100,140,15
2026-04-29,5905,62,72,73.5,12
2026-04-29,6028,51,115,115,7
2026-04-29,6381,36,98,126,7
2026-04-29,1074,34,134,81,11
2026-04-29,5906,67,55,58.5,16
2026-04-29,1734,6,160,154.5,4
2026-04-29,5907,21,104,164,5
2026-04-29,1064,30,77,70,9
2026-04-29,5267,31,,105,5
2026-04-29,1744,10,177,238.5,8
2026-04-29,5235,13,95,121.5,4
2026-04-29,1029,15,127,127,7
2026-04-29,2626,42,75,100.0,8
2026-04-29,1052,28,97,99.0,6
2026-04-29,2625,29,109,143.5,8
2026-04-29,5359,20,113,91.0,8
2026-04-29,1748,37,60,58.0,8
2026-04-29,5580,32,69,97.0,14
2026-04-29,1746,41,87,50,19
2026-04-29,1200,12,,124.5,4
2026-04-29,1175,17,118,183,7
2026-04-29,1213,14,105,106.0,6
2026-04-29,5548,36,71,142.5,10
2026-04-29,1314,18,101,127,9
2026-04-29,1331,59,76,85,17
2026-04-29,1267,27,69,72.0,12
2026-04-29,2138,57,53,76,15
2026-04-29,1320,42,62,78.0,12
2026-04-29,1944,22,68,53.5,10
2026-04-29,1207,58,83,83,7
2026-04-29,6030,32,119,119,13
2026-04-29,1238,19,67,85,7
2026-04-29,1945,8,,125,3
2026-04-29,5340,49,91,106,7
2026-04-29,5835,27,122,132,7
2026-04-29,1747,25,66,133.5,6
2026-04-29,1749,16,95,96.5,6
2026-04-29,1745,41,83,95,13
2026-04-29,1282,12,88,88,5
2026-04-29,1377,52,82,126.0,14
2026-04-29,6032,58,44,58.5,14
2026-04-29,1202,34,98,192,5
2026-04-29,1174,21,101,85.5,6
2026-04-29,1742,20,132,176.5,8
2026-04-29,1240,24,58,52.5,6
2026-04-29,2028,23,106,77.0,10
2026-04-29,6031,49,91,111.5,8
2026-04-29,2027,36,56,69.5,10
2026-04-29,6206,23,126,143.5,8
2026-04-29,5915,8,134,153.0,2
2026-04-29,5912,97,63,86,11
2026-04-29,5911,83,112,175.0,8
2026-04-29,5910,4,,39,3
2026-04-29,5764,342,74,86,25
2026-04-29,1424,25,127,160.0,8
2026-04-29,5909,20,115,160.5,8
2026-04-29,5354,30,65,96.0,12
2026-04-29,5365,24,122,122,9
2026-04-29,5738,57,90,107.5,10
2026-04-29,5874,46,97,109,15
2026-04-29,5581,14,107,112,9
2026-04-29,2568,132,71,87,19
2026-04-29,5913,38,,83.5,10
2026-04-29,5914,199,59,54.0,6
2026-04-29,5582,41,,201.5,6
2026-04-29,5916,58,,148,7
2026-04-29,5788,21,87,96.5,4
2026-04-29,6491,565,26,45.0,14
2026-04-29,1141,23,125,95.5,10
2026-04-29,6034,11,116,131.0,6
2026-04-29,6033,24,105,125.5,6
2026-04-29,6267,50,85,111,17
2026-04-29,5848,9,170,177,3
2026-04-29,1183,9,,234,5
2026-04-29,6053,203,58,27.5,16
2026-04-29,5650,27,48,20.0,6
2026-04-29,6120,30,67,79.0,12
2026-04-29,1077,46,68,78,9
2026-04-29,6266,23,84,73.5,10
2026-04-29,1124,7,,99,3
2026-04-29,5837,64,54,62,27
2026-04-29,5803,72,73,91.0,14
2026-04-29,6265,112,39,42,15
2026-04-29,6311,357,58,58,7
2026-04-29,1050,53,71,87,13
2026-04-29,1073,39,127,127,9
2026-04-29,6493,410,46,46,15
2026-04-29,1137,21,88,108,7
2026-04-29,1143,17,,88,5
2026-04-29,6117,25,93,111.5,10
2026-04-29,6115,37,,66,9
2026-04-29,6119,34,122,124.0,12
2026-04-29,1442,76,77,70.0,14
2026-04-29,1082,102,90,94.0,8
2026-04-29,1242,8,,150.5,4
2026-04-29,1269,11,101,101,5
2026-04-29,5793,66,106,141,13
2026-04-29,6336,92,69,80.5,6
2026-04-29,1484,84,66,75.0,8
2026-04-29,6036,79,78,94,19
2026-04-29,1481,15,99,76.5,6
2026-04-29,2584,43,104,71.5,12
2026-04-29,6487,71,78,115.0,8
2026-04-29,5233,38,55,31,19
2026-04-29,2643,28,78,78,7
2026-04-29,2583,77,39,20,11
2026-04-29,5286,18,,116,7
2026-04-29,1053,46,47,64,9
2026-04-29,1343,16,78,78,5
2026-04-29,6037,62,48,61.5,8
2026-04-29,5847,26,77,77,9
2026-04-29,2635,17,,51,7
2026-04-29,1069,40,95,95,9
2026-04-29,6213,33,96,100.5,8
2026-04-29,2581,25,,184.0,6
2026-04-29,6035,136,85,98.0,14
2026-04-29,2582,19,108,116,7
2026-04-29,6469,61,82,103.5,18
2026-04-29,1000,74,112,112,11
2026-04-29,5942,22,59,83.0,8
2026-04-29,6383,67,56,78.0,10
2026-04-29,5492,79,81,67,11
2026-04-29,1379,13,155,155,7
2026-04-29,1001,54,42,41.5,8
2026-04-29,1048,71,73,84,11
2026-04-29,2239,26,160,182,9
2026-04-29,5493,60,86,97,13
2026-04-29,2186,53,120,108.0,18
2026-04-29,2530,84,82,47,9
2026-04-29,2029,2,230,281.0,2
2026-04-29,1436,8,203,213,5
2026-04-29,5545,16,117,135.0,6
2026-04-29,1398,58,74,73.5,10
2026-04-29,1271,46,113,114.5,8
2026-04-29,5535,92,96,67.0,14
2026-04-29,6306,372,61,65,17
2026-04-29,1165,46,80,59.0,14
2026-04-29,5505,25,137,137,9
2026-04-29,5512,65,138,102.0,18
2026-04-29,1173,22,112,167,9
2026-04-29,5741,361,57,32,19
2026-04-29,5504,56,168,58.5,10
2026-04-29,5543,52,102,126,9
2026-04-29,1203,5,107,138.0,2
2026-04-29,5514,2,,171.5,2
2026-04-29,1378,37,46,76,7
2026-04-29,1276,21,98,114.0,4
2026-04-29,6191,142,64,68,13
2026-04-29,5532,10,106,232,5
2026-04-29,5528,26,162,217.0,10
2026-04-29,1387,74,76,111.5,10
2026-04-29,5506,93,113,128.5,14
2026-04-29,5507,24,162,171.0,12
2026-04-29,5542,164,209,209,11
2026-04-29,1446,26,365,365,9
2026-04-29,1438,66,90,66,11
2026-04-29,5544,120,103,64.0,24
2026-04-29,6238,257,90,94,21
2026-04-29,5508,122,109,77,17
2026-04-29,5509,30,74,93,9
2026-04-29,5510,50,103,88.0,14
2026-04-29,5511,84,126,115,15
2026-04-29,1352,78,156,194,19
2026-04-29,1431,42,96,96,11
2026-04-29,1307,45,120,101,19
2026-04-29,1418,28,109,109,5
2026-04-29,5795,30,159,273.5,10
2026-04-29,5515,128,122,122,19
2026-04-29,5516,30,,73.0,8
2026-04-29,1362,19,229,229,5
2026-04-29,5503,16,140,156.0,8
2026-04-29,1211,15,83,83.5,6
2026-04-29,5518,28,105,108.5,16
2026-04-29,5519,35,113,74.0,16
2026-04-29,6386,45,162,129.0,6
2026-04-29,1346,30,145,51.5,10
2026-04-29,1754,7,,397.5,4
2026-04-29,1755,13,122,95,5
2026-04-29,5520,28,121,171,9
2026-04-29,2561,38,119,214.0,6
2026-04-29,1129,17,172,197,9
2026-04-29,5522,95,113,87.0,12
2026-04-29,2463,64,131,136.5,22
2026-04-29,1090,22,144,147.0,10
2026-04-29,1751,31,131,131,13
2026-04-29,1886,29,,163.0,4
2026-04-29,5523,44,134,91.5,8
2026-04-29,1752,33,131,155.5,10
2026-04-29,1363,44,103,162,11
2026-04-29,5524,45,162,174,13
2026-04-29,1356,22,117,136,11
2026-04-29,1432,15,104,87.0,6
2026-04-29,2464,50,162,91.0,20
2026-04-29,5525,45,152,77,15
2026-04-29,1361,19,107,58,7
2026-04-29,2256,42,107,116.0,8
2026-04-29,1885,3,134,36,3
2026-04-29,1360,35,73,51,15
2026-04-29,1471,68,,23,7
2026-04-29,5526,44,134,134.5,14
2026-04-29,1437,62,106,143,15
2026-04-29,5750,57,114,71,17
2026-04-29,1365,55,85,85,11
2026-04-29,5529,102,98,98,21
2026-04-29,2474,108,67,95,11
2026-04-29,5498,130,44,14,21
2026-04-29,1593,30,97,53,13
2026-04-29,5530,57,53,32,7
2026-04-29,1338,22,237,278.5,8
2026-04-29,1388,39,97,95.0,10
2026-04-29,1465,209,78,78,17
2026-04-29,5531,86,78,89,15
2026-04-29,5527,162,74,70,15
2026-04-29,1366,45,165,166.5,8
2026-04-29,5534,47,172,152.0,12
2026-04-29,1397,39,124,75,13
2026-04-29,1047,30,164,117.5,14
2026-04-29,1065,62,132,137,19
2026-04-29,1309,30,222,99.0,14
2026-04-29,1753,11,,114.5,4
2026-04-29,2471,79,125,125.5,6
2026-04-29,1375,25,264,94,13
2026-04-29,1392,52,206,180.5,16
2026-04-29,1421,15,248,244,9
2026-04-29,6337,151,101,74.0,14
2026-04-29,1750,50,172,70.5,14
2026-04-29,5537,87,94,215,9
2026-04-29,1515,33,167,108,11
2026-04-29,6230,344,65,39,13
2026-04-29,5538,73,,43,7
2026-04-29,5539,35,113,127,11
2026-04-29,5540,57,167,167.5,6
2026-04-29,5448,109,95,92.5,16
2026-04-29,1520,22,297,315,7
2026-04-29,2297,14,400,428.5,6
2026-04-29,5355,33,114,114,9
2026-04-29,6162,97,96,169.5,12
2026-04-29,1414,50,130,87.5,18
2026-04-29,5865,205,90,119,13
2026-04-29,5338,216,194,146,15
2026-04-29,2295,22,145,198.0,6
2026-04-29,5796,139,110,110.0,18
2026-04-29,6330,222,68,68,9
2026-04-29,6501,178,86,93.0,16
2026-04-29,6342,57,89,145.0,6
2026-04-29,5380,56,148,205,13
2026-04-29,1468,13,127,127,7
2026-04-29,1469,7,225,286.5,4
2026-04-29,1594,50,79,86.0,14
2026-04-29,6086,39,94,73.5,8
2026-04-29,5887,360,119,93,17
2026-04-29,6074,108,150,167.0,10
2026-04-29,5337,58,184,170.5,10
2026-04-29,2261,14,202,365,5
2026-04-29,1474,24,182,95,9
2026-04-29,1522,29,194,130.5,10
2026-04-29,2322,4,,473,3
2026-04-29,6385,29,106,106,9
2026-04-29,6283,329,65,30.5,20
2026-04-29,1347,27,101,113.5,6
2026-04-29,6384,41,71,78,7
2026-04-29,1488,21,,394,5
2026-04-29,2296,7,,437.5,2
2026-04-29,1513,24,198,265,11
2026-04-29,1409,11,122,71,7
2026-04-29,2294,21,,147,9
2026-04-29,1138,34,78,64.0,8
2026-04-29,1760,9,,272.0,4
2026-04-29,1771,23,,113.5,4
2026-04-29,5638,45,44,45,5
2026-04-29,2579,60,94,54.5,10
2026-04-29,1758,27,97,134.5,8
2026-04-29,1761,30,66,101,11
2026-04-29,1946,24,91,116.5,12
2026-04-29,5849,30,83,110.5,8
2026-04-29,2041,11,94,94,7
2026-04-29,5449,33,144,139.5,10
2026-04-29,2134,47,84,53,13
2026-04-29,6451,335,94,70.0,4
2026-04-29,6500,118,128,137,15
2026-04-29,1394,12,112,127,5
2026-04-29,2136,27,106,117.5,12
2026-04-29,5619,35,100,188.0,6
2026-04-29,5923,31,60,78,15
2026-04-29,1772,51,44,64.5,16
2026-04-29,1762,28,131,131,7
2026-04-29,1332,44,123,57.5,12
2026-04-29,5922,48,67,94,15
2026-04-29,1768,61,110,102,19
2026-04-29,6387,52,74,88,9
2026-04-29,1887,10,,183,3
2026-04-29,5924,112,,91,11
2026-04-29,1763,39,130,139.0,8
2026-04-29,1408,66,,61.5,8
2026-04-29,5450,68,70,70,13
2026-04-29,1283,98,102,110.0,14
2026-04-29,5305,41,126,79,19
2026-04-29,1914,52,112,154.0,10
2026-04-29,6208,4,134,50,3
2026-04-29,6333,139,73,94.5,20
2026-04-29,1364,10,164,189.5,6
2026-04-29,1187,32,104,108.5,8
2026-04-29,5649,32,98,106,5
2026-04-29,1770,24,40,37.5,10
2026-04-29,5451,23,148,148,9
2026-04-29,2135,58,90,95,17
2026-04-29,1406,98,63,29,15
2026-04-29,6096,247,114,130.5,18
2026-04-29,5918,17,145,145,11
2026-04-29,5917,245,54,83,9
2026-04-29,5427,21,71,78.5,8
2026-04-29,1766,11,112,120.0,4
2026-04-29,6221,221,92,99,21
2026-04-29,1888,28,,184.0,4
2026-04-29,2132,62,84,73,11
2026-04-29,1389,51,125,117.0,16
2026-04-29,5452,85,59,68,15
2026-04-29,1764,46,88,115.5,10
2026-04-29,1313,44,,93,7
2026-04-29,1767,20,100,55,7
2026-04-29,1402,58,103,58.0,12
2026-04-29,1889,67,57,46,9
2026-04-29,1773,81,123,145.0,10
2026-04-29,1472,169,83,102.5,22
2026-04-29,1890,56,109,109.0,10
2026-04-29,1765,114,99,104.5,22
2026-04-29,1336,27,150,150,5
2026-04-29,1411,25,131,138,7
2026-04-29,5919,32,97,100.5,16
2026-04-29,1473,68,99,87,17
2026-04-29,2133,41,91,90.0,12
2026-04-29,5920,30,73,67.5,8
2026-04-29,5921,51,74,108,17
2026-04-29,1916,17,114,101.5,10
2026-04-29,1533,30,102,75,9
2026-04-29,1328,41,95,44.5,10
2026-04-29,1534,272,108,77.5,14
2026-04-29,5243,87,120,106,15
2026-04-29,1212,24,,14.5,4
2026-04-29,1535,18,,55,11
2026-04-29,1547,25,126,137.0,8
2026-04-29,1917,26,91,48.0,8
2026-04-29,1918,48,108,121,17
2026-04-29,1227,26,81,74.0,10
2026-04-29,1919,25,,157,11
2026-04-29,1920,50,84,37,19
2026-04-29,1426,62,59,50,9
2026-04-29,1536,133,79,54,23
2026-04-29,5453,45,86,84.5,12
2026-04-29,1922,17,102,106.0,10
2026-04-29,1921,22,101,71,5
2026-04-29,1923,14,,183.5,6
2026-04-29,5245,23,220,220,11
2026-04-29,1932,13,200,121.0,10
2026-04-29,2499,26,,104,9
2026-04-29,1420,30,66,66,13
2026-04-29,5648,71,83,83,17
2026-04-29,5343,97,82,47.5,16
2026-04-29,1924,15,135,143.5,6
2026-04-29,5327,27,127,152.5,10
2026-04-29,5246,17,,90.0,6
2026-04-29,5727,158,66,66,29
2026-04-29,5242,53,,110,13
2026-04-29,5927,77,90,46,15
2026-04-29,1925,26,118,118,13
2026-04-29,1553,134,108,89.5,24
2026-04-29,1926,15,103,153,5
2026-04-29,5454,28,179,164.5,10
2026-04-29,1537,32,219,209.5,14
2026-04-29,5241,17,64,62,9
2026-04-29,5873,153,96,94.0,16
2026-04-29,2494,80,75,81,31
2026-04-29,1927,27,79,125,15
2026-04-29,5925,69,84,93.0,14
2026-04-29,1555,35,158,100.0,12
2026-04-29,5244,19,104,71.5,12
2026-04-29,1929,78,95,67.0,12
2026-04-29,1928,22,146,146,5
2026-04-29,1930,19,196,246.0,12
2026-04-29,6323,187,44,44,11
2026-04-29,1915,17,130,164.5,8
2026-04-29,1931,74,69,26,11
2026-04-29,2618,12,100,140,9
2026-04-29,1538,102,109,211,21
2026-04-29,1548,22,,54,5
2026-04-29,1531,18,116,116,7
2026-04-29,5339,49,102,102,7
2026-04-29,1539,126,83,85,25
2026-04-29,2495,106,137,78.0,12
2026-04-29,2504,816,64,41.0,48
2026-04-29,5405,219,78,75.0,18
2026-04-29,1541,11,76,83.0,6
2026-04-29,5403,56,99,86.5,6
2026-04-29,5647,53,85,76,13
2026-04-29,1542,34,103,169,19
2026-04-29,1543,187,103,111,21
2026-04-29,1544,13,139,95.0,6
2026-04-29,1552,42,133,74.0,10
2026-04-29,1358,14,121,78,5
2026-04-29,5614,15,,106.0,4
2026-04-29,1933,27,117,151.0,12
2026-04-29,5926,29,124,141.0,12
2026-04-29,1545,15,135,157.0,6
2026-04-29,2126,10,81,113.0,4
2026-04-29,5943,473,40,42.0,34
2026-04-29,5946,87,36,82,25
2026-04-29,5944,25,73,87.5,8
2026-04-29,5945,44,74,100.5,10
2026-04-29,1071,0,,,0
2026-04-29,1106,17,109,117.0,6
2026-04-29,6270,80,126,143.0,12
2026-04-29,6094,38,83,43,13
2026-04-29,5455,54,115,134,13
2026-04-29,1036,189,129,38,13
2026-04-29,1086,13,116,85,7
2026-04-29,1155,35,99,122.0,8
2026-04-29,1142,60,51,31,7
2026-04-29,1161,62,59,80,7
2026-04-29,1140,305,87,51,23
2026-04-29,1083,16,131,113,7
2026-04-29,5651,53,121,112.0,20
2026-04-29,6139,156,61,87,15
2026-04-29,5456,45,73,81.5,14
2026-04-29,1133,22,91,70.0,10
2026-04-29,1460,21,,89,5
2026-04-29,6269,55,95,95,7
2026-04-29,1132,21,92,91,5
2026-04-29,5473,19,111,106.5,10
2026-04-29,6239,163,70,84,19
2026-04-29,6268,21,97,126.5,6
2026-04-29,6038,36,79,62,9
2026-04-29,6039,40,163,163,5
2026-04-29,6465,25,82,49,11
2026-04-29,5635,23,100,85.0,8
2026-04-29,1007,19,124,135.5,8
2026-04-29,1060,42,72,83.0,8
2026-04-29,1099,16,127,127,7
2026-04-29,1027,18,110,129,5
2026-04-29,1272,9,,266.5,6
2026-04-29,1087,14,120,112.5,10
2026-04-29,1088,15,136,136,3
2026-04-29,1012,19,88,114.5,6
2026-04-29,1038,23,143,108.0,8
2026-04-29,1037,19,81,77.5,10
2026-04-29,1004,21,107,87.5,8
2026-04-29,5457,0,,,0
2026-04-29,1085,25,82,82,7
2026-04-29,5499,65,61,81,19
2026-04-29,5223,48,76,103.0,18
2026-04-29,6444,178,61,107,7
2026-04-29,5406,27,91,107.5,10
2026-04-29,5551,18,110,139,5
2026-04-29,5271,65,62,68,13
2026-04-29,5550,53,,112,9
2026-04-29,5362,22,,132,9
2026-04-29,1078,34,82,91.5,4
2026-04-29,5491,31,73,103,13
2026-04-29,5270,29,95,132.0,14
2026-04-29,2245,47,198,192.5,8
2026-04-29,1479,25,82,86.0,8
2026-04-29,2194,46,123,112.5,16
2026-04-29,1495,72,71,60.5,8
2026-04-29,1499,78,97,102,11
2026-04-29,1500,20,102,84,9
2026-04-29,1494,38,98,91.5,12
2026-04-29,5894,1548,62,25.5,30
2026-04-29,1507,134,116,123,17
2026-04-29,1508,64,90,90,11
2026-04-29,1475,37,73,73,9
2026-04-29,6095,62,123,133.5,12
2026-04-29,1505,60,96,113.0,14
2026-04-29,5474,72,84,84,17
2026-04-29,1483,59,83,83,11
2026-04-29,6445,604,60,67,15
2026-04-29,5801,35,75,93.0,6
2026-04-29,1477,70,55,62.5,8
2026-04-29,1506,46,118,133,13
2026-04-29,1486,45,85,111.5,12
2026-04-29,6452,301,57,58,9
2026-04-29,1478,33,49,66,5
2026-04-29,1503,66,78,159,13
2026-04-29,5742,33,70,53.0,12
2026-04-29,5553,38,71,50,11
2026-04-29,2193,72,72,72,17
2026-04-29,1493,29,193,199,7
2026-04-29,5458,32,72,80,15
2026-04-29,1492,24,80,152.0,8
2026-04-29,6186,256,58,80,15
2026-04-29,1504,58,90,90,13
2026-04-29,6130,63,82,82,13
2026-04-29,6460,743,54,65,15
2026-04-29,6205,375,62,50.0,22
2026-04-29,2251,19,174,194.0,6
2026-04-29,2246,19,201,317,5
2026-04-29,5416,46,86,103.0,6
2026-04-29,2248,38,146,161,7
2026-04-29,2247,15,,192.0,6
2026-04-29,5257,154,47,51.0,22
2026-04-29,5256,29,122,94.5,12
2026-04-29,5255,410,58,44.0,20
2026-04-29,5935,31,191,259.0,10
2026-04-29,1597,27,125,178,9
2026-04-29,6309,1111,67,88,19
2026-04-29,1076,83,63,29.5,20
2026-04-29,1095,30,89,89,7
2026-04-29,1096,36,122,113.5,4
2026-04-29,1598,40,147,227.0,12
2026-04-29,1947,26,102,76,13
2026-04-29,1324,20,131,126.0,8
2026-04-29,1205,40,97,108.5,8
2026-04-29,1018,23,141,150,9
2026-04-29,2274,44,93,101.0,18
2026-04-29,1089,17,89,85.0,6
2026-04-29,1079,22,85,116.0,10
2026-04-29,1102,24,94,91.0,8
2026-04-29,1777,52,102,150.5,18
2026-04-29,1383,58,77,51.0,10
2026-04-29,1529,24,,118.0,10
2026-04-29,1030,21,,334,9
2026-04-29,1171,30,100,151,9
2026-04-29,1059,21,174,194,7
2026-04-29,6390,51,90,94,17
2026-04-29,5850,102,107,107,13
2026-04-29,6129,166,161,84.0,16
2026-04-29,1057,36,91,91,11
2026-04-29,1005,21,181,298.5,12
2026-04-29,2244,96,137,99,31
2026-04-29,1595,41,216,191,15
2026-04-29,1033,35,109,120,15
2026-04-29,1599,30,76,86.5,12
2026-04-29,6425,350,127,70,9
2026-04-29,2600,348,185,85.0,22
2026-04-29,6389,41,58,85,9
2026-04-29,6388,95,58,39,9
2026-04-29,1470,5,,343,3
2026-04-29,6391,32,151,148,9
2026-04-29,6195,176,70,69.5,16
2026-04-29,5936,79,89,104.0,20
2026-04-29,6171,60,80,78.5,14
2026-04-29,1112,31,132,138.0,8
2026-04-29,1097,38,77,74.5,6
2026-04-29,1115,15,109,109,5
2026-04-29,6061,83,109,125,13
2026-04-29,1123,44,130,130.5,14
2026-04-29,1778,27,143,74,19
2026-04-29,5933,109,56,66,19
2026-04-29,1774,35,134,205,15
2026-04-29,1312,15,157,169.0,6
2026-04-29,1222,54,150,104,11
2026-04-29,1237,9,101,101,3
2026-04-29,1775,59,119,141.0,20
2026-04-29,1017,28,130,126.5,14
2026-04-29,1219,12,,165,5
2026-04-29,1058,63,135,47.5,18
2026-04-29,1666,61,113,119.5,20
2026-04-29,5934,51,159,127.0,6
2026-04-29,6329,336,186,194,19
2026-04-29,1243,24,130,148.0,8
2026-04-29,1257,50,126,126,17
2026-04-29,6203,128,70,74.5,16
2026-04-29,5770,87,161,140,19
2026-04-29,6280,254,51,42.0,14
2026-04-29,1011,27,130,120.0,8
2026-04-29,1304,72,102,56.0,14
2026-04-29,1104,23,127,121.5,6
2026-04-29,6229,35,146,154.5,12
2026-04-29,1114,33,95,100.0,4
2026-04-29,5804,40,98,64.5,14
2026-04-29,1204,30,122,63,11
2026-04-29,1284,18,108,108,7
2026-04-29,1300,12,119,100.0,4
2026-04-29,5940,107,57,88,13
2026-04-29,1093,46,146,146,7
2026-04-29,1776,32,70,81.5,22
2026-04-29,6462,630,50,58,19
2026-04-29,2467,54,127,113,17
2026-04-29,2262,74,106,122.0,18
2026-04-29,5321,31,65,60.5,14
2026-04-29,6305,73,197,144,19
2026-04-29,1779,44,198,244,19
2026-04-29,1294,4,177,183,3
2026-04-29,1281,12,,167,3
2026-04-29,1333,46,160,211,11
2026-04-29,1952,34,151,176.0,16
2026-04-29,1291,27,102,133.0,12
2026-04-29,2279,364,257,147,23
2026-04-29,1530,64,298,308,13
2026-04-29,2252,175,171,183,23
2026-04-29,2269,42,291,200.5,12
2026-04-29,1784,71,295,202.0,26
2026-04-29,1386,300,170,174.5,20
2026-04-29,5856,1655,225,153.0,38
2026-04-29,1783,19,339,255,7
2026-04-29,1390,34,257,131.5,16
2026-04-29,1265,24,263,263.0,8
2026-04-29,1672,81,253,187.0,22
2026-04-29,5379,158,227,252,23
2026-04-29,1585,52,155,197,9
2026-04-29,1948,50,186,186,19
2026-04-29,1292,253,127,140,21
2026-04-29,1396,30,120,69.5,6
2026-04-29,1321,46,155,201,13
2026-04-29,1521,60,186,157.5,16
2026-04-29,1369,7,411,231.5,2
2026-04-29,1586,18,215,230,7
2026-04-29,1950,8,,150,5
2026-04-29,5937,44,160,132.5,12
2026-04-29,1951,57,164,266.0,20
2026-04-29,1525,43,153,192.0,14
2026-04-29,2607,61,146,169.5,16
2026-04-29,5579,66,143,153,19
2026-04-29,5938,37,97,122.0,10
2026-04-29,1380,36,256,221.0,14
2026-04-29,6271,76,220,144.0,18
2026-04-29,1214,29,186,92,15
2026-04-29,1584,43,98,159,11
2026-04-29,5939,93,122,163,17
2026-04-29,1225,36,139,180.5,6
2026-04-29,1524,33,306,291,17
2026-04-29,1781,39,287,142.5,20
2026-04-29,1782,558,172,182.5,28
2026-04-29,2182,34,216,267,9
2026-04-29,1785,61,124,113,25
2026-04-29,1639,47,170,137.5,8
2026-04-29,1295,34,194,215.5,8
2026-04-29,1198,49,211,293.5,20
2026-04-29,1248,24,164,179.0,12
2026-04-29,1949,64,193,191.5,22
2026-04-29,5381,27,224,230.5,14
2026-04-29,1169,58,224,224,7
2026-04-29,1592,16,210,194.5,4
2026-04-29,1191,33,134,138.0,10
2026-04-29,1208,36,133,134,11
2026-04-29,1253,50,198,198.0,16
2026-04-29,5725,81,168,174.0,14
2026-04-29,1381,21,245,274.0,6
2026-04-29,1653,46,305,329.0,18
2026-04-29,1256,42,208,216,11
2026-04-29,5895,17,141,186.0,10
2026-04-29,1261,43,202,202.0,6
2026-04-29,1657,39,192,192,11
2026-04-29,1288,70,164,180.5,16
2026-04-29,1337,42,148,148,11
2026-04-29,1306,30,169,156.5,10
2026-04-29,1395,37,216,212.0,12
2026-04-29,1637,39,147,144.5,14
2026-04-29,1193,18,185,92.5,10
2026-04-29,1583,23,,271.5,8
2026-04-29,6499,72,,137,5
2026-04-29,1368,40,153,142.5,14
2026-04-29,2616,28,139,157.0,8
2026-04-29,1305,21,223,242,3
2026-04-29,1266,89,227,228.5,16
2026-04-29,1780,100,171,116.5,20
2026-04-29,1278,80,161,117.0,20
2026-04-29,1279,65,157,138,23
2026-04-29,2466,33,105,146,15
2026-04-29,2330,0,,,0
2026-04-29,2331,23,151,161,5
2026-04-29,2653,68,177,105.5,10
2026-04-29,2621,14,90,70.5,8
2026-04-29,5718,55,86,58.0,12
2026-04-29,1788,54,108,109,15
2026-04-29,5875,80,94,172.5,6
2026-04-29,5897,278,72,81,15
2026-04-29,2120,16,229,241.5,8
2026-04-29,2112,35,76,118.0,16
2026-04-29,2080,77,78,134,11
2026-04-29,2332,32,74,84,19
2026-04-29,1163,25,43,63.0,10
2026-04-29,2440,41,71,104.5,12
2026-04-29,1168,30,86,107.0,6
2026-04-29,2079,184,76,107.5,10
2026-04-29,2092,57,105,191.0,14
2026-04-29,1796,62,97,251,9
2026-04-29,2439,109,62,62,13
2026-04-29,1196,45,105,123.0,18
2026-04-29,2441,161,86,82.0,8
2026-04-29,1014,23,123,123,5
2026-04-29,2334,8,,159.5,4
2026-04-29,1164,122,53,54,7
2026-04-29,2104,137,58,81,13
2026-04-29,2072,30,78,81,13
2026-04-29,2076,40,83,149.0,6
2026-04-29,1020,91,74,83,11
2026-04-29,1206,28,62,75,13
2026-04-29,2423,41,95,195,7
2026-04-29,2335,51,108,55,15
2026-04-29,1024,35,55,93.0,8
2026-04-29,2333,19,75,80,11
2026-04-29,1621,25,80,80.0,14
2026-04-29,5348,35,77,88.0,16
2026-04-29,2442,55,69,53,21
2026-04-29,6219,246,50,70.0,12
2026-04-29,2083,26,124,159.0,10
2026-04-29,2107,23,64,81.5,10
2026-04-29,5633,114,95,43.0,12
2026-04-29,2564,192,53,66.0,16
2026-04-29,5347,34,77,127,7
2026-04-29,5765,74,75,166.0,10
2026-04-29,5483,33,98,104,5
2026-04-29,5733,71,59,59,11
2026-04-29,5714,93,96,137,17
2026-04-29,5482,18,88,94.0,4
2026-04-29,5484,7,,145,1
2026-04-29,6495,138,81,87.5,4
2026-04-29,5716,16,,117,5
2026-04-29,6210,75,69,102,9
2026-04-29,1015,3,,135,1
2026-04-29,6196,134,73,73,9
2026-04-29,6225,49,92,92,7
2026-04-29,5747,23,129,128,11
2026-04-29,6204,62,87,95.5,12
2026-04-29,6211,172,63,69.0,12
2026-04-29,1789,11,157,157,5
2026-04-29,6154,257,54,46.5,14
2026-04-29,1044,20,73,73,7
2026-04-29,2074,50,48,69.0,16
2026-04-29,5890,38,73,92,13
2026-04-29,1792,138,62,80,11
2026-04-29,2077,9,112,164.0,6
2026-04-29,2087,37,129,174,13
2026-04-29,2116,33,85,152,7
2026-04-29,1264,21,99,147,7
2026-04-29,6214,19,103,117,7
2026-04-29,1192,18,171,171,5
2026-04-29,2091,58,76,76,9
2026-04-29,2085,1,,74,1
2026-04-29,2637,197,86,86,17
2026-04-29,5224,84,106,133,11
2026-04-29,5602,23,121,106,9
2026-04-29,2093,73,100,109,9
2026-04-29,2106,110,73,55.0,16
2026-04-29,2078,159,51,71.5,16
2026-04-29,2100,118,55,91.5,10
2026-04-29,2336,28,68,93,13
2026-04-29,2506,55,87,92.5,12
2026-04-29,2337,42,111,144,17
2026-04-29,5715,32,135,65,11
2026-04-29,5706,38,81,94,9
2026-04-29,1790,15,,176,5
2026-04-29,5800,43,84,85.5,8
2026-04-29,2103,263,87,126,21
2026-04-29,2443,103,57,57.5,20
2026-04-29,5838,75,88,125,15
2026-04-29,1787,50,92,125,9
2026-04-29,1786,35,89,73.5,6
2026-04-29,6368,366,35,40,9
2026-04-29,2030,10,,130,5
2026-04-29,1795,11,130,190.0,4
2026-04-29,1023,59,92,110,9
2026-04-29,2475,69,139,152.0,16
2026-04-29,1793,30,85,85.5,12
2026-04-29,1794,37,102,134,13
2026-04-29,1791,89,58,77.5,14
2026-04-29,1215,17,143,182.5,8
2026-04-29,5574,64,99,70,17
2026-04-29,2122,54,115,148,13
2026-04-29,1008,61,93,114.0,16
2026-04-29,2099,38,58,82.5,8
2026-04-29,2101,29,72,117.5,8
2026-04-29,5751,34,108,133.5,8
2026-04-29,5878,126,41,62,15
2026-04-29,6369,66,81,91.5,8
2026-04-29,2088,18,125,125,9
2026-04-29,1025,42,108,173,9
2026-04-29,2073,22,124,165,7
2026-04-29,2113,20,95,129,9
2026-04-29,2089,21,120,141,13
2026-04-29,5335,12,67,97.5,6
2026-04-29,2090,79,52,64.0,6
2026-04-29,5843,38,101,126,7
2026-04-29,1157,24,69,69,9
2026-04-29,2624,42,67,94,13
2026-04-29,6192,42,91,109.5,10
2026-04-29,2636,18,,119.0,2
2026-04-29,1178,18,158,183,5
2026-04-29,5395,21,62,77.0,10
2026-04-29,2608,68,97,106.5,10
2026-04-29,2545,28,94,99,13
2026-04-29,2546,60,63,63,11
2026-04-29,5459,26,101,130.5,8
2026-04-29,1464,49,127,87,9
2026-04-29,6149,124,100,132,15
2026-04-29,5634,21,101,108.5,12
2026-04-29,6278,501,49,32,25
2026-04-29,1353,26,64,61.5,14
2026-04-29,1452,55,82,86.0,14
2026-04-29,1463,24,99,99,7
2026-04-29,1170,30,101,165.5,10
2026-04-29,6355,48,83,112.0,12
2026-04-29,1103,22,71,86,11
2026-04-29,2554,15,127,169,5
2026-04-29,1107,35,92,92,9
2026-04-29,1121,13,68,72.5,4
2026-04-29,1127,7,99,195.5,4
2026-04-29,1139,13,90,171.0,6
2026-04-29,1128,28,74,108,9
2026-04-29,5928,12,,197.5,2
2026-04-29,1117,21,143,183.5,8
2026-04-29,5929,101,85,85.5,10
2026-04-29,1135,32,85,122,13
2026-04-29,1399,29,,190,7
2026-04-29,2555,50,107,57,21
2026-04-29,1146,37,45,75,9
2026-04-29,1447,19,62,83.5,8
2026-04-29,1136,29,106,120,7
2026-04-29,2556,24,117,119,17
2026-04-29,1156,24,62,89.5,10
2026-04-29,1455,16,80,73.5,6
2026-04-29,1449,15,,116,3
2026-04-29,5930,66,62,67,13
2026-04-29,1151,28,92,113,9
2026-04-29,2243,16,77,125,7
2026-04-29,6218,323,58,58,9
2026-04-29,2597,35,56,102,13
2026-04-29,2557,25,103,142,9
2026-04-29,2619,16,,102.0,6
2026-04-29,2598,125,57,41.0,22
2026-04-29,6182,41,103,107.5,12
2026-04-29,6183,48,,113,11
2026-04-29,2559,36,89,118,13
2026-04-29,6055,132,95,132.0,26
2026-04-29,5563,12,,91.5,4
2026-04-29,5238,15,,172,7
2026-04-29,6184,79,91,93,5
2026-04-29,1252,29,116,55,7
2026-04-29,6341,121,98,108,5
2026-04-29,1179,32,127,138.0,6
2026-04-29,5471,3,87,98,3
2026-04-29,2547,22,84,78.0,6
2026-04-29,5931,24,,107,11
2026-04-29,5394,23,,94.5,6
2026-04-29,5393,16,55,68,9
2026-04-29,5932,54,71,91,15
2026-04-29,1149,26,66,98.5,8
2026-04-29,1491,6,104,104,3
2026-04-29,2606,42,122,124.5,6
2026-04-29,1145,3,,140.5,2
2026-04-29,1120,13,106,162,7
2026-04-29,5787,2,,62,1
2026-04-29,5494,31,116,119.0,8
2026-04-29,5396,28,63,80,13
2026-04-29,1116,30,87,135.0,8
2026-04-29,2558,19,,89,13
2026-04-29,2585,17,80,177.0,6
2026-04-29,5436,55,137,150.0,14
2026-04-29,5998,48,123,136.0,16
2026-04-29,6392,59,54,60.0,10
2026-04-29,2587,27,60,82.5,6
2026-04-29,2614,31,78,97.0,6
2026-04-29,5779,33,88,129.5,6
2026-04-29,2586,24,55,122.0,10
2026-04-29,2588,25,67,101.5,12
2026-04-29,2589,16,92,94.0,10
2026-04-29,6438,33,103,105.0,4
2026-04-29,5780,49,85,118.0,8
2026-04-29,2590,79,56,80,9
2026-04-29,5777,65,43,66.5,18
2026-04-29,5990,187,38,28.0,4
2026-04-29,5679,113,34,14.0,36
2026-04-29,2592,64,84,101,5
2026-04-29,5992,21,157,155,5
2026-04-29,5776,45,,135,7
2026-04-29,5997,20,76,77.0,4
2026-04-29,6393,51,62,47,7
2026-04-29,5994,36,60,96,9
2026-04-29,2593,46,49,83,11
2026-04-29,5989,34,61,61,9
2026-04-29,5999,73,46,66.5,8
2026-04-29,2595,80,44,69,9
2026-04-29,2615,54,71,103,5
2026-04-29,2591,127,35,47.0,18
2026-04-29,5995,152,46,66.5,22
2026-04-29,5991,32,74,110,7
2026-04-29,5996,18,67,85.0,10
2026-04-29,5782,47,129,117.0,6
2026-04-29,2594,79,31,31,11
2026-04-29,5781,78,39,61.0,18
2026-04-29,5993,47,92,124,5
2026-04-29,5778,25,62,64.0,4
2026-04-29,5784,57,37,63,11
2026-04-29,6000,4,,122,3
2026-04-29,5261,25,133,90.5,14
2026-04-29,5628,452,41,41,45
2026-04-29,5785,55,50,70,9
2026-04-29,5672,284,32,35.0,52
2026-04-29,5783,48,88,81,7
2026-04-29,1894,37,150,113,15
2026-04-29,1895,26,172,95,13
2026-04-29,5724,72,96,84,15
2026-04-29,1797,20,157,160.5,10
2026-04-29,1798,46,136,106,17
2026-04-29,6089,76,93,104.0,16
2026-04-29,1799,76,95,107.0,26
2026-04-29,6486,20,136,190.5,6
2026-04-29,5616,112,78,90.0,22
2026-04-29,2067,55,82,82,13
2026-04-29,5432,124,80,89.0,24
2026-04-29,1963,20,154,191.0,12
2026-04-29,1938,20,,93.0,10
2026-04-29,5604,208,73,73,27
2026-04-29,6087,53,104,72.5,10
2026-04-29,6088,136,66,97.5,22
2026-04-29,5625,122,71,73,23
2026-04-29,2066,51,86,79.5,14
2026-04-29,5753,48,74,75.5,16
2026-04-29,1964,61,102,102,17
2026-04-29,1893,26,93,76,9
2026-04-29,2178,72,82,85.0,18
2026-04-29,6446,55,99,85.0,10
2026-04-29,5876,76,85,86.5,20
2026-04-29,5439,25,142,164,13
2026-04-29,1965,29,177,177,7
2026-04-29,5438,56,88,94,9
2026-04-29,5757,37,,89.5,4
2026-04-29,1891,26,188,131.5,6
2026-04-29,1892,68,100,58.5,10
2026-04-29,5941,34,108,119.0,14
2026-04-29,1068,14,,151.5,4
2026-04-29,1803,23,98,127,11
2026-04-29,6429,78,94,93,9
2026-04-29,5735,19,108,151,11
2026-04-29,5460,39,104,143,15
2026-04-29,6158,73,71,72.5,14
2026-04-29,1802,24,88,152,15
2026-04-29,1384,14,104,118.5,6
2026-04-29,2031,26,74,92.5,10
2026-04-29,5420,84,58,55,23
2026-04-29,1092,20,132,185,5
2026-04-29,6172,349,57,71,15
2026-04-29,6324,354,54,54,11
2026-04-29,6349,91,113,100.0,16
2026-04-29,1450,38,77,88.0,8
2026-04-29,1966,21,147,142.5,10
2026-04-29,1638,22,117,137,15
2026-04-29,1061,21,175,175,5
2026-04-29,1042,152,49,49.5,10
2026-04-29,1002,17,159,163,9
2026-04-29,2265,259,59,89.0,12
2026-04-29,1199,34,102,151,11
2026-04-29,1032,19,113,128,7
2026-04-29,1028,59,123,87,11
2026-04-29,5846,139,73,131,15
2026-04-29,5461,78,109,116,15
2026-04-29,6090,57,,85,13
2026-04-29,1801,33,140,82.5,6
2026-04-29,6315,320,40,64,9
2026-04-29,6302,470,46,46.5,22
2026-04-29,5462,30,73,136,7
2026-04-29,5464,30,98,118.0,8
2026-04-29,5463,55,103,109.0,8
2026-04-29,5391,55,89,117.5,18
2026-04-29,5392,61,57,66,17
2026-04-29,1800,51,117,169,13
2026-04-29,5497,22,121,202.0,10
2026-04-29,1241,63,241,107,7
2026-04-29,2298,16,69,136.5,6
2026-04-29,1067,38,119,95.5,4
2026-04-29,6073,81,86,98,15
2026-04-29,6310,26,144,158,7
2026-04-29,6439,723,73,51,23
2026-04-29,5797,26,78,85.5,6
2026-04-29,6217,56,79,93.5,10
2026-04-29,6335,50,78,96.0,8
2026-04-29,6334,36,73,91,9
2026-04-29,6181,52,72,99.5,10
2026-04-29,2338,51,140,165,9
2026-04-29,2339,20,124,179.0,10
2026-04-29,6354,86,84,101.5,8
2026-04-29,5488,66,94,111.0,10
2026-04-29,5883,53,48,53.0,14
2026-04-29,2476,5,,186.0,2
2026-04-29,2082,196,80,120,25
2026-04-29,2115,134,90,90,13
2026-04-29,6417,113,77,110.5,8
2026-04-29,2114,0,,,0
2026-04-29,2096,33,86,80.0,8
2026-04-29,5234,10,,150,3
2026-04-29,6313,161,51,70,11
2026-04-29,2629,31,75,67.0,14
2026-04-29,6163,260,50,46,31
2026-04-29,2628,18,,224,7
2026-04-29,5573,0,,,0
2026-04-29,5882,42,100,150,9
2026-04-29,6085,7,,222.0,4
2026-04-29,5603,55,88,95,11
2026-04-29,5489,35,99,110.5,10
2026-04-29,2341,41,83,96,15
2026-04-29,5885,69,120,161.0,12
2026-04-29,2094,242,88,91,17
2026-04-29,6006,34,77,91,15
2026-04-29,2105,39,77,98,15
2026-04-29,5601,38,85,114.0,16
2026-04-29,5353,30,99,87.0,10
2026-04-29,5351,35,92,67.0,12
2026-04-29,6420,383,45,45.5,8
2026-04-29,2097,142,63,104,13
2026-04-29,2109,38,108,211,17
2026-04-29,2108,70,47,73.0,12
2026-04-29,5378,49,81,83,11
2026-04-29,6453,348,45,45.0,14
2026-04-29,5775,130,58,32.0,22
2026-04-29,5774,77,134,48,13
2026-04-29,6201,12,124,150,5
2026-04-29,2544,33,120,89.5,8
2026-04-29,2345,16,,159,7
2026-04-29,2343,13,,103,7
2026-04-29,2342,34,148,199.0,16
2026-04-29,2565,38,110,150.5,8
2026-04-29,2110,54,77,165,19
2026-04-29,2566,101,96,105.5,16
2026-04-29,2086,9,,245.5,6
2026-04-29,5880,55,91,90.5,12
2026-04-29,5879,65,62,82.5,10
2026-04-29,6091,90,113,197,7
2026-04-29,6424,598,54,60,15
2026-04-29,5881,65,67,98.0,14
2026-04-29,6455,487,52,52,11
2026-04-29,2340,35,74,87,9
2026-04-29,5352,45,111,152.5,10
2026-04-29,2346,13,,198,5
2026-04-29,2111,35,57,84.0,14
2026-04-29,2084,21,51,91,11
2026-04-29,5884,75,70,95.5,14
2026-04-29,2098,12,109,86.0,6
2026-04-29,6295,39,86,84,13
2026-04-29,6198,88,73,83.5,16
2026-04-29,2347,19,78,80,9
2026-04-29,5248,26,82,150.0,14
2026-04-29,2095,44,74,95.5,10
2026-04-29,2349,23,79,104.0,6
2026-04-29,2348,21,117,130.5,6
2026-04-29,5891,64,91,99.0,18
2026-04-29,5222,24,134,165,11
2026-04-29,5954,72,107,125.5,14
2026-04-29,6296,46,148,148,15
2026-04-29,5404,12,104,119.5,4
2026-04-29,5437,8,123,138,7
2026-04-29,2603,116,37,52.5,20
2026-04-29,5636,27,75,101,9
2026-04-29,2602,70,43,41,21
2026-04-29,5950,51,78,109,11
2026-04-29,5948,80,57,57,7
2026-04-29,5363,37,77,126.0,6
2026-04-29,6478,293,41,45.5,10
2026-04-29,5397,537,38,45.5,16
2026-04-29,2605,16,,166,7
2026-04-29,6287,54,121,149.0,8
2026-04-29,2549,11,106,142.5,4
2026-04-29,2604,35,62,53,9
2026-04-29,6436,36,118,169,7
2026-04-29,5364,22,104,116.0,8
2026-04-29,2129,11,57,152,7
2026-04-29,6040,57,42,36.5,20
2026-04-29,5953,64,44,47,13
2026-04-29,2128,101,38,41.5,16
2026-04-29,6492,110,66,90,9
2026-04-29,2127,19,80,40.0,8
2026-04-29,2131,11,91,136.0,8
2026-04-29,5951,20,76,58,7
2026-04-29,5947,71,40,41,7
2026-04-29,5952,19,66,82,7
2026-04-29,5949,61,42,88.0,14
2026-04-29,5331,63,89,121,17
2026-04-29,6454,111,76,89.0,16
2026-04-29,6297,16,128,179.5,8
2026-04-29,5297,146,101,184.5,4
2026-04-29,5620,12,284,206,3
2026-04-29,6441,192,45,82,7
2026-04-29,5955,29,100,118,9
2026-04-29,5479,44,102,98.5,16
2026-04-29,5688,474,59,40,19
2026-04-29,5986,89,73,99,11
2026-04-29,6298,33,95,126,13
2026-04-29,5744,78,93,125,11
2026-04-29,5692,95,74,74.5,18
2026-04-29,5686,224,57,44,21
2026-04-29,5977,35,50,50,9
2026-04-29,5646,97,52,42.5,12
2026-04-29,1976,37,85,93,13
2026-04-29,5626,103,47,100.0,20
2026-04-29,2001,23,52,62,9
2026-04-29,1979,22,111,260,13
2026-04-29,5685,78,91,113,25
2026-04-29,6049,0,,,0
2026-04-29,5699,57,100,100,21
2026-04-29,5660,37,94,165.0,18
2026-04-29,6123,16,,164.5,10
2026-04-29,1997,13,111,129.0,10
2026-04-29,2437,35,52,95,11
2026-04-29,2017,62,62,83,13
2026-04-29,5279,21,133,186.5,8
2026-04-29,2350,9,196,315,7
2026-04-29,5430,64,72,38.0,8
2026-04-29,1623,7,110,134,5
2026-04-29,1982,32,94,106,13
2026-04-29,2562,28,80,191,7
2026-04-29,1994,133,64,41,19
2026-04-29,5324,74,64,29,11
2026-04-29,1955,13,100,86.5,8
2026-04-29,6122,34,58,62.0,6
2026-04-29,2045,16,,106.5,6
2026-04-29,5773,54,77,48,11
2026-04-29,2534,68,97,49.5,12
2026-04-29,6437,25,115,126,7
2026-04-29,6227,35,101,116,9
2026-04-29,5599,33,94,94,9
2026-04-29,5737,27,94,84.0,8
2026-04-29,5637,35,85,94.5,14
2026-04-29,6397,26,51,65,7
2026-04-29,5664,15,87,122,11
2026-04-29,1967,18,101,65.0,6
2026-04-29,2190,7,132,50.5,6
2026-04-29,5975,48,77,29,5
2026-04-29,6170,55,81,104,13
2026-04-29,5272,58,,40.5,6
2026-04-29,5655,30,90,90,13
2026-04-29,5682,81,61,48.0,24
2026-04-29,5673,62,41,48.0,20
2026-04-29,5978,76,60,76.0,14
2026-04-29,1989,19,74,123.5,12
2026-04-29,5678,208,62,53,27
2026-04-29,5979,19,126,148.0,6
2026-04-29,6456,138,45,59.5,8
2026-04-29,6399,69,75,102,13
2026-04-29,6301,230,62,52.0,18
2026-04-29,2351,52,73,52.5,24
2026-04-29,6128,97,60,82,13
2026-04-29,5758,17,121,57,7
2026-04-29,1983,53,74,50,13
2026-04-29,5702,106,60,47,39
2026-04-29,6505,318,89,120,7
2026-04-29,5967,37,60,62.5,16
2026-04-29,2640,102,103,103,13
2026-04-29,5592,43,112,129,15
2026-04-29,5593,30,80,162,11
2026-04-29,2596,40,92,102,15
2026-04-29,2641,215,140,39,9
2026-04-29,2528,22,53,55,9
2026-04-29,5971,34,100,94.5,12
2026-04-29,1556,2,,100.0,2
2026-04-29,1978,20,,174,11
2026-04-29,6098,7,,24.0,4
2026-04-29,2259,44,157,115.5,20
2026-04-29,2032,38,92,90,17
2026-04-29,5644,72,107,190,15
2026-04-29,2599,182,88,50,21
2026-04-29,5296,310,102,118.0,16
2026-04-29,6396,19,113,143.5,4
2026-04-29,5974,68,105,77,5
2026-04-29,6102,45,48,117.0,8
2026-04-29,5341,64,129,129,11
2026-04-29,5982,49,140,140,11
2026-04-29,6100,34,142,74.5,6
2026-04-29,5641,41,103,67.0,14
2026-04-29,5980,97,120,122.0,12
2026-04-29,2552,158,83,91.0,8
2026-04-29,2044,37,102,127.0,16
2026-04-29,2352,33,119,196,15
2026-04-29,2645,1,,106,1
2026-04-29,6058,272,44,48.0,16
2026-04-29,6299,45,140,173,15
2026-04-29,5700,14,94,119.5,6
2026-04-29,5689,53,113,116,9
2026-04-29,5965,37,131,117.0,12
2026-04-29,6468,77,68,91.5,16
2026-04-29,5964,61,88,101.0,14
2026-04-29,5336,40,56,78.5,10
2026-04-29,1563,42,80,85.5,10
2026-04-29,6472,33,118,118,7
2026-04-29,6475,75,97,78,11
2026-04-29,6474,40,73,69.0,8
2026-04-29,6473,91,74,71.5,8
2026-04-29,6471,63,122,136.5,10
2026-04-29,6470,81,119,121,7
2026-04-29,5645,105,61,42.5,14
2026-04-29,5981,37,101,102.5,20
2026-04-29,5983,18,101,290.0,8
2026-04-29,6048,49,113,136,11
2026-04-29,5276,462,43,61,17
2026-04-29,5662,51,62,67,25
2026-04-29,5690,114,55,55,17
2026-04-29,5676,124,78,89,33
2026-04-29,5703,368,59,65.0,22
2026-04-29,5704,87,50,54,13
2026-04-29,5631,235,34,22,15
2026-04-29,5674,526,46,71,55
2026-04-29,5681,113,66,70,19
2026-04-29,5627,78,76,96.0,18
2026-04-29,5671,233,56,22.0,24
2026-04-29,6109,0,,,0
2026-04-29,5666,179,68,90,51
2026-04-29,2047,31,87,70,19
2026-04-29,6190,64,56,56,11
2026-04-29,5790,327,48,75,25
2026-04-29,6121,31,64,84.0,8
2026-04-29,5668,179,60,54,15
2026-04-29,5675,172,68,79,27
2026-04-29,5696,323,46,28.0,14
2026-04-29,5705,448,38,49.5,40
2026-04-29,5632,582,49,61,21
2026-04-29,5677,145,50,57,39
2026-04-29,5630,704,35,20,19
2026-04-29,5302,28,91,94.5,10
2026-04-29,5976,83,61,30,21
2026-04-29,5957,44,96,115.5,16
2026-04-29,2353,28,74,71,9
2026-04-29,5691,274,47,30,15
2026-04-29,5251,175,66,84,15
2026-04-29,5973,354,62,36.0,28
2026-04-29,5231,75,122,142,11
2026-04-29,2525,90,104,29,15
2026-04-29,5985,51,121,121,11
2026-04-29,5667,37,72,64.0,8
2026-04-29,6326,65,66,80.5,10
2026-04-29,1561,63,57,57,9
2026-04-29,6231,246,48,52,11
2026-04-29,6286,122,52,105.5,24
2026-04-29,5694,161,42,59.0,18
2026-04-29,2513,79,125,50,13
2026-04-29,5237,29,114,149.5,12
2026-04-29,1551,50,65,75.5,12
2026-04-29,5670,21,137,92.0,10
2026-04-29,5669,42,62,82,27
2026-04-29,5659,55,,41,25
2026-04-29,1953,18,94,87,9
2026-04-29,2601,105,83,27.5,12
2026-04-29,2013,48,87,76,17
2026-04-29,5274,187,46,29,15
2026-04-29,6111,82,63,67.5,16
2026-04-29,5273,313,45,28.0,16
2026-04-29,5467,253,75,71,19
2026-04-29,1970,45,79,73.5,18
2026-04-29,2010,18,55,36,7
2026-04-29,5654,48,147,149.5,16
2026-04-29,2480,164,44,53,11
2026-04-29,5278,189,73,41,21
2026-04-29,1993,32,53,59.5,10
2026-04-29,2355,27,67,88.0,8
2026-04-29,2046,18,174,183,11
2026-04-29,2357,106,64,112.5,22
2026-04-29,2002,178,48,77.5,16
2026-04-29,5598,98,62,90.0,20
2026-04-29,5956,39,44,52.5,14
2026-04-29,5226,351,49,49,17
2026-04-29,6116,32,39,45.0,12
2026-04-29,5963,67,59,63.5,12
2026-04-29,2356,63,38,56,25
2026-04-29,5230,959,49,62.5,18
2026-04-29,2502,8,139,139,3
2026-04-29,6447,56,61,58,11
2026-04-29,1969,59,72,82,15
2026-04-29,5869,310,69,95.0,16
2026-04-29,6398,77,54,54,11
2026-04-29,6466,59,65,66,13
2026-04-29,5275,249,46,26.0,16
2026-04-29,2042,31,85,79,17
2026-04-29,5786,367,57,120,27
2026-04-29,6467,102,41,53,15
2026-04-29,6082,693,54,54,19
2026-04-29,2014,41,98,130.0,16
2026-04-29,6406,222,55,62,11
2026-04-29,2358,19,,34,7
2026-04-29,5972,66,95,101,15
2026-04-29,6118,74,56,54.5,18
2026-04-29,1972,76,45,29.0,24
2026-04-29,5569,58,56,67.0,18
2026-04-29,5322,224,53,53,21
2026-04-29,2515,60,40,30.5,16
2026-04-29,5240,61,60,87,17
2026-04-29,6113,36,84,102,13
2026-04-29,2068,45,116,123.5,18
2026-04-29,1977,49,80,132.5,16
2026-04-29,2354,27,176,109.0,18
2026-04-29,6366,19,123,133.5,12
2026-04-29,2634,77,120,138,17
2026-04-29,6177,74,71,71,13
2026-04-29,5229,76,113,74.5,16
2026-04-29,1995,241,75,83,25
2026-04-29,2006,123,62,73,13
2026-04-29,5665,94,57,57,25
2026-04-29,6070,249,98,29,17
2026-04-29,2005,522,78,81.0,20
2026-04-29,1957,34,43,48.0,14
2026-04-29,5618,57,46,99.5,14
2026-04-29,5304,56,57,64,21
2026-04-29,6104,51,93,93,9
2026-04-29,1003,74,44,47.0,22
2026-04-29,2004,41,56,59.5,8
2026-04-29,1998,109,49,40.0,18
2026-04-29,1975,31,86,109.0,14
2026-04-29,5723,80,74,79.0,18
2026-04-29,2359,106,63,76.0,32
2026-04-29,5323,43,87,99.0,8
2026-04-29,2550,79,95,99.0,18
2026-04-29,6394,19,82,82,5
2026-04-29,1988,30,83,71.0,10
2026-04-29,5594,29,127,168.5,10
2026-04-29,2633,73,82,115.0,14
2026-04-29,5284,48,53,26.0,12
2026-04-29,1968,22,74,76.0,12
2026-04-29,1991,17,126,83,11
2026-04-29,5346,67,80,103,17
2026-04-29,6506,241,93,79.0,12
2026-04-29,1564,20,115,115,11
2026-04-29,2563,28,84,120,11
2026-04-29,5969,38,90,102.0,12
2026-04-29,2517,22,104,75.5,8
2026-04-29,2520,36,65,135,13
2026-04-29,5429,35,121,86,11
2026-04-29,2553,351,70,102.0,18
2026-04-29,6300,64,54,72,21
2026-04-29,1980,39,130,159.0,20
2026-04-29,5370,29,122,155,15
2026-04-29,5958,817,38,43,35
2026-04-29,2360,60,53,90.0,18
2026-04-29,2623,264,64,29,17
2026-04-29,6395,17,99,69,11
2026-04-29,5687,80,58,73,15
2026-04-29,2639,220,70,26.5,8
2026-04-29,5959,77,59,83.0,26
2026-04-29,5600,36,91,110.5,10
2026-04-29,2533,20,114,129,7
2026-04-29,5629,78,66,27,17
2026-04-29,6340,410,54,50.0,12
2026-04-29,2551,102,103,117.0,16
2026-04-29,5987,43,105,60.0,12
2026-04-29,6185,47,59,85.5,10
2026-04-29,6063,308,77,77,15
2026-04-29,1566,20,74,79,9
2026-04-29,6135,19,65,76.0,8
2026-04-29,5661,54,118,109.0,18
2026-04-29,5663,23,91,76,15
2026-04-29,6494,297,33,36,11
2026-04-29,1956,79,64,30.5,18
2026-04-29,1990,37,74,77,17
2026-04-29,2535,140,141,180.0,16
2026-04-29,2277,63,64,111.0,14
2026-04-29,5596,14,116,116,7
2026-04-29,5754,23,89,103,5
2026-04-29,6496,103,58,69.5,16
2026-04-29,2509,14,92,94.0,8
2026-04-29,2527,48,109,109,11
2026-04-29,1981,38,84,167.0,8
2026-04-29,2003,84,66,102,11
2026-04-29,5376,30,116,124.5,16
2026-04-29,2008,62,47,68.0,16
2026-04-29,1999,194,36,72.0,8
2026-04-29,5374,44,49,67.0,14
2026-04-29,1985,44,78,59.5,8
2026-04-29,1996,18,65,84,13
2026-04-29,2009,29,83,91.0,12
2026-04-29,2007,22,87,102,13
2026-04-29,5656,17,75,85.0,10
2026-04-29,5280,291,43,32.0,22
2026-04-29,5621,42,44,56,11
2026-04-29,5277,121,51,38.0,14
2026-04-29,2570,110,116,116,13
2026-04-29,5966,79,69,78,23
2026-04-29,2569,56,,59,11
2026-04-29,6107,38,115,124,11
2026-04-29,1973,18,99,90,9
2026-04-29,2650,62,99,52,13
2026-04-29,5218,253,67,33.0,14
2026-04-29,5684,233,74,114.0,16
2026-04-29,2361,34,87,97.0,18
2026-04-29,6502,91,126,134.0,24
2026-04-29,5643,62,100,89,11
2026-04-29,5239,41,110,191,17
2026-04-29,6319,55,69,94.5,22
2026-04-29,2646,72,53,59.5,20
2026-04-29,5697,194,70,38,21
2026-04-29,5695,107,69,55.5,16
2026-04-29,6479,85,90,114,7
2026-04-29,5732,28,98,81,11
2026-04-29,2016,15,69,74.5,8
2026-04-29,2511,33,83,130.0,10
2026-04-29,6167,28,107,138,13
2026-04-29,2652,155,122,135.0,10
2026-04-29,6075,200,82,29.0,14
2026-04-29,5709,57,56,73.5,16
2026-04-29,5970,27,67,76.5,16
2026-04-29,5698,415,53,46,25
2026-04-29,2647,6,119,141.0,6
2026-04-29,2648,14,,99.5,12
2026-04-29,2654,116,102,76.0,24
2026-04-29,5960,19,170,87,11
2026-04-29,5428,55,73,60.5,12
2026-04-29,5693,302,40,33.5,20
2026-04-29,6050,156,46,46,9
2026-04-29,5657,54,73,79,13
2026-04-29,5658,85,52,63.0,22
2026-04-29,6160,99,84,115,11
2026-04-29,1987,22,143,155.5,8
2026-04-29,6188,292,56,32,19
2026-04-29,5568,41,72,80.5,14
2026-04-29,6307,238,56,78,11
2026-04-29,5653,114,64,54.0,14
2026-04-29,2000,213,70,123,11
2026-04-29,1984,22,109,129.0,12
2026-04-29,6303,615,58,37.0,16
2026-04-29,6151,178,42,42,21
2026-04-29,5375,46,88,80.5,16
2026-04-29,5752,150,54,41,15
2026-04-29,5652,83,70,74.5,22
2026-04-29,1177,155,70,70,7
2026-04-29,5768,88,61,71.5,18
2026-04-29,2362,79,57,57.0,22
2026-04-29,1954,22,69,103,13
2026-04-29,1986,52,103,105.5,10
2026-04-29,6124,14,97,206.5,6
2026-04-29,1971,141,87,87,11
2026-04-29,5377,26,64,106.0,12
2026-04-29,6126,59,55,81.5,10
2026-04-29,5564,55,63,83.5,20
2026-04-29,6125,35,91,98.5,12
2026-04-29,6051,24,116,118,7
2026-04-29,6168,83,42,34.0,12
2026-04-29,6180,134,43,55.0,14
2026-04-29,5988,16,161,188,9
2026-04-29,2043,35,113,157.0,12
2026-04-29,2644,108,94,24,11
2026-04-29,5591,75,113,113,19
2026-04-29,2363,33,62,84.5,18
2026-04-29,2516,66,106,71.0,10
2026-04-29,2012,160,57,40.0,18
2026-04-29,5961,29,76,82,21
2026-04-29,2325,77,94,100,15
2026-04-29,2364,34,68,113,15
2026-04-29,2638,94,65,65,15
2026-04-29,5597,54,52,67,11
2026-04-29,1049,54,99,75.5,12
2026-04-29,5968,25,,77,11
2026-04-29,2011,52,52,52,15
2026-04-29,5642,61,66,69,19
2026-04-29,5889,67,73,73,13
2026-04-29,5888,94,56,50.5,14
2026-04-29,5962,33,76,104,17
2026-04-29,2365,49,64,67.5,20
2026-04-29,2019,42,61,97,21
2026-04-29,5680,162,59,74,37
2026-04-29,6284,92,80,82,13
2026-04-29,5264,108,65,61.0,24
2026-04-29,5683,74,82,101,13
2026-04-29,6059,36,145,175,13
2026-04-29,2649,23,87,117,9
2026-04-29,5617,37,,65,7
2026-04-29,5586,12,,160.0,6
2026-04-29,6350,45,65,59.5,10
2026-04-29,5834,73,85,87.0,12
2026-04-29,6431,98,96,185,15
2026-04-29,5417,21,66,79.0,6
2026-04-29,2577,22,81,84.0,6
2026-04-29,6187,132,67,55.0,18
2026-04-29,5585,49,99,93,11
2026-04-29,5306,18,89,115,13
2026-04-29,6093,19,94,62.0,8
2026-04-29,1255,6,,78.5,2
2026-04-29,1330,15,118,72.0,8
2026-04-29,1825,10,259,130,3
2026-04-29,1828,22,228,228,13
2026-04-29,1126,35,231,528,9
2026-04-29,5502,61,223,237,11
2026-04-29,1958,17,245,258.0,8
2026-04-29,5478,487,137,82.5,18
2026-04-29,5556,219,137,162,17
2026-04-29,1026,4,,96.0,4
2026-04-29,1370,9,216,216,5
2026-04-29,1824,21,154,91,7
2026-04-29,1075,27,114,71,11
2026-04-29,2424,31,133,207.5,12
2026-04-29,5513,24,133,143,15
2026-04-29,1467,48,122,87.0,10
2026-04-29,1815,1,,261,1
2026-04-29,2366,59,75,75,7
2026-04-29,1819,23,85,152.0,6
2026-04-29,5864,38,114,133,17
2026-04-29,5288,32,142,185,11
2026-04-29,1045,44,74,93.0,14
2026-04-29,1054,53,62,107.5,8
2026-04-29,1811,12,106,163.5,4
2026-04-29,5287,34,92,141.5,12
2026-04-29,5290,20,121,173.5,8
2026-04-29,1813,10,244,244,7
2026-04-29,5547,63,156,187,9
2026-04-29,5546,79,130,165.5,14
2026-04-29,1805,2,265,161.5,2
2026-04-29,2048,42,181,181,13
2026-04-29,1063,18,162,119.0,6
2026-04-29,1896,10,181,327.0,6
2026-04-29,2425,33,137,245,11
2026-04-29,1013,23,151,193.0,14
2026-04-29,1094,18,278,179,5
2026-04-29,1897,120,181,182,15
2026-04-29,2477,50,107,119.5,18
2026-04-29,5521,43,146,62,7
2026-04-29,1814,42,83,117.5,8
2026-04-29,5584,19,166,98.5,8
2026-04-29,5289,11,,259.0,4
2026-04-29,1162,15,237,280.0,4
2026-04-29,1899,13,157,207.0,8
2026-04-29,1152,30,123,84,17
2026-04-29,5310,34,144,155.0,10
2026-04-29,1812,7,,321.0,4
2026-04-29,1827,23,143,104.5,8
2026-04-29,1647,15,183,183,5
2026-04-29,1041,101,109,49,9
2026-04-29,1039,33,147,78,11
2026-04-29,1903,35,137,174,7
2026-04-29,1374,78,62,98.5,16
2026-04-29,6338,145,91,48,11
2026-04-29,2426,28,147,101,11
2026-04-29,1898,27,79,101.5,8
2026-04-29,2468,59,126,57.0,18
2026-04-29,1373,28,188,225.0,8
2026-04-29,1823,25,,156.5,8
2026-04-29,5583,23,75,85,11
2026-04-29,2427,13,91,152,5
2026-04-29,5292,10,,90,9
2026-04-29,1323,26,90,102.0,6
2026-04-29,1900,11,161,246,5
2026-04-29,1303,23,106,148.0,6
2026-04-29,1172,5,103,159,3
2026-04-29,1808,31,103,137,13
2026-04-29,1654,38,154,190,9
2026-04-29,6400,14,119,204.5,8
2026-04-29,2367,7,,215,5
2026-04-29,5295,14,98,115.5,4
2026-04-29,5857,9,179,262.5,4
2026-04-29,1820,2,,307.5,2
2026-04-29,5291,33,83,129,13
2026-04-29,1821,4,152,175.5,4
2026-04-29,5533,24,211,319,15
2026-04-29,5294,29,117,119,7
2026-04-29,1901,12,139,110.5,6
2026-04-29,1806,12,137,112.5,6
2026-04-29,1021,21,148,179,9
2026-04-29,1822,10,159,191,7
2026-04-29,6457,144,66,99,11
2026-04-29,1260,63,94,141.0,6
2026-04-29,5311,27,142,163.0,12
2026-04-29,5333,45,142,187,13
2026-04-29,6450,381,58,79,7
2026-04-29,6133,77,70,81,15
2026-04-29,1523,30,242,242.5,10
2026-04-29,1826,58,157,158.5,20
2026-04-29,1101,66,137,122.0,14
2026-04-29,2478,51,84,117.5,16
2026-04-29,2428,10,189,264.0,4
2026-04-29,2612,218,127,71.0,18
2026-04-29,2034,30,162,162,13
2026-04-29,1125,40,224,132.5,10
2026-04-29,5536,107,103,103,17
2026-04-29,1818,23,100,128.0,4
2026-04-29,1902,35,88,88,7
2026-04-29,2368,10,174,130,7
2026-04-29,1807,37,105,122.5,8
2026-04-29,1147,91,87,135,7
2026-04-29,1809,35,134,137,13
2026-04-29,1817,8,122,120.5,6
2026-04-29,1134,22,144,77.0,8
2026-04-29,1062,43,108,114.0,8
2026-04-29,5361,37,94,168,11
2026-04-29,1153,69,130,124.0,8
2026-04-29,5293,9,215,192.5,6
2026-04-29,1816,15,97,124.5,6
2026-04-29,1810,6,120,76,3
2026-04-29,1070,5,,112.0,4
2026-04-29,1371,10,138,137,9
2026-04-29,5266,69,107,57.0,8
2026-04-29,2033,30,102,77,11
2026-04-29,5517,28,94,92.5,12
2026-04-29,5541,31,,117.5,10
2026-04-29,1372,13,,128,5
2026-04-29,2429,31,,203,7
2026-04-29,1391,27,101,108.0,6
2026-04-29,1912,19,170,204,9
2026-04-29,5902,22,168,198,11
2026-04-29,1844,75,104,104,25
2026-04-29,1906,39,166,217,11
2026-04-29,6081,547,107,59.0,18
2026-04-29,2622,53,208,272,9
2026-04-29,1855,74,163,239,19
2026-04-29,1843,42,96,117,13
2026-04-29,1829,26,226,190,11
2026-04-29,2071,22,185,186.5,16
2026-04-29,1834,29,182,156.0,10
2026-04-29,1846,28,164,164,9
2026-04-29,1845,30,,179,7
2026-04-29,5260,55,150,165,15
2026-04-29,1849,26,143,128.5,12
2026-04-29,1836,74,89,89,19
2026-04-29,1835,58,106,121,17
2026-04-29,5496,88,114,93,13
2026-04-29,1832,60,192,213,15
2026-04-29,1109,80,99,133,29
2026-04-29,2574,125,143,111.0,20
2026-04-29,2049,43,111,114.0,20
2026-04-29,1830,32,99,72.5,8
2026-04-29,1852,45,124,133,15
2026-04-29,1910,57,,151.5,12
2026-04-29,1907,82,150,86,13
2026-04-29,5721,41,60,51.5,16
2026-04-29,1856,12,,69,3
2026-04-29,1909,34,260,246,9
2026-04-29,1837,29,155,158.0,8
2026-04-29,2163,13,,147.0,8
2026-04-29,1850,36,,74.0,10
2026-04-29,1908,28,172,206.0,10
2026-04-29,2164,38,87,118.0,8
2026-04-29,1959,28,,119,17
2026-04-29,1833,28,104,134,15
2026-04-29,6428,25,162,189.5,14
2026-04-29,1851,17,101,104,11
2026-04-29,5373,86,134,134,21
2026-04-29,2020,51,,35.5,4
2026-04-29,1913,69,89,97.5,28
2026-04-29,5358,353,109,109,43
2026-04-29,1857,23,221,207.5,10
2026-04-29,1674,139,119,119,23
2026-04-29,2052,105,119,81.0,18
2026-04-29,2050,79,152,105.0,16
2026-04-29,2610,131,91,84,17
2026-04-29,2162,14,,111.0,6
2026-04-29,2165,14,296,298.0,10
2026-04-29,1840,66,112,112.5,14
2026-04-29,2507,48,125,218,9
2026-04-29,5232,155,116,137.0,20
2026-04-29,1838,21,105,79.0,12
2026-04-29,5357,64,80,55.5,20
2026-04-29,1839,22,136,129.5,10
2026-04-29,2051,34,190,205,13
2026-04-29,1841,39,111,68,17
2026-04-29,1905,25,121,108.0,12
2026-04-29,2035,18,178,237,13
2026-04-29,1847,30,171,131.0,14
2026-04-29,5903,411,109,109.0,30
2026-04-29,5904,12,,40,5
2026-04-29,1911,56,141,127,17
2026-04-29,2069,33,155,119.0,8
2026-04-29,5356,17,134,181.5,10
2026-04-29,1854,58,139,139,13
2026-04-29,6414,45,119,130,11
2026-04-29,1831,34,,148.0,6
2026-04-29,6134,121,94,166.5,14
2026-04-29,2070,26,112,103.5,10
2026-04-29,5431,71,72,80.0,16
2026-04-29,1904,31,,131,9
2026-04-29,5615,40,110,143.0,16
2026-04-29,1848,27,113,51,13
2026-04-29,1562,30,76,82,7
2026-04-29,1558,27,95,128,13
2026-04-29,6401,74,62,71,15
2026-04-29,1285,17,105,163.0,6
2026-04-29,1565,14,140,173,5
2026-04-29,1376,10,127,174,3
2026-04-29,1318,27,141,76,9
2026-04-29,1249,56,54,54,5
2026-04-29,1302,18,72,95,7
2026-04-29,1550,8,,138,5
2026-04-29,1423,77,106,101.5,12
2026-04-29,1549,7,134,134,3
2026-04-29,1274,6,123,123,1
2026-04-29,1532,37,75,75,11
2026-04-29,5759,30,106,62,17
2026-04-29,1429,64,91,106.5,16
2026-04-29,1546,60,112,122,9
2026-04-29,571,6,122,95.5,4
2026-04-29,332,32,86,144,7
2026-04-29,337,29,162,66,7
2026-04-29,346,31,103,110,13
2026-04-29,327,25,66,68.0,12
2026-04-29,810,10,118,217,5
2026-04-29,584,43,120,57,15
2026-04-29,345,16,87,189,5
2026-04-29,559,22,78,92,5
2026-04-29,565,29,80,93.0,6
2026-04-29,574,14,118,124.5,6
2026-04-29,343,31,103,64,7
2026-04-29,558,18,112,112,7
2026-04-29,635,84,30,30,7
2026-04-29,353,76,49,49.5,8
2026-04-29,607,16,100,85.0,4
2026-04-29,717,27,95,98.5,10
2026-04-29,297,100,43,43,13
2026-04-29,823,98,38,70.0,8
2026-04-29,956,53,44,53.0,6
2026-04-29,998,113,67,59.0,12
2026-04-29,887,9,106,97,7
2026-04-29,827,4,97,110,3
2026-04-29,850,54,59,64,17
2026-04-29,893,56,89,89.5,8
2026-04-29,25,6,,126.0,4
2026-04-29,24,55,188,169.5,8
2026-04-29,95,24,245,194.5,4
2026-04-29,92,25,208,167,11
2026-04-29,232,18,290,290,5
2026-04-29,218,14,324,334.0,8
2026-04-29,58,16,263,263,9
2026-04-29,134,23,288,277.0,8
2026-04-29,124,9,,244.0,6
2026-04-29,264,27,267,216.0,12
2026-04-29,52,6,311,311,5
2026-04-29,244,39,,101,7
2026-04-29,241,17,454,325,7
2026-04-29,2,52,258,258,17
2026-04-29,12,66,404,180,19
2026-04-29,249,13,356,239,5
2026-04-29,8,21,314,299,9
2026-04-29,28,30,404,244.5,6
2026-04-29,305,68,288,336,25
2026-04-29,4,18,301,317,9
2026-04-29,5,22,329,203.5,8
2026-04-29,121,23,221,165.0,8
2026-04-29,3,44,277,170,9
2026-04-29,7,19,293,170.0,6
2026-04-29,126,75,221,179.5,14
2026-04-29,15,30,231,231,15
2026-04-29,6,59,332,234.0,20
2026-04-29,11,39,261,204,9
2026-04-29,49,22,,258.5,4
2026-04-29,173,616,273,167.0,26
2026-04-29,51,4,432,532.5,2
2026-04-29,82,35,,192,15
2026-04-29,40,13,274,246,9
2026-04-29,76,7,372,372,3
2026-04-29,33,24,246,145,7
2026-04-29,62,21,389,401.5,4
2026-04-29,140,10,234,181.5,4
2026-04-29,90,61,148,134,13
2026-04-29,64,20,215,157.0,10
2026-04-29,23,50,178,145.0,16
2026-04-29,308,40,215,220.0,12
2026-04-29,225,23,191,198.5,6
2026-04-29,142,34,158,209,7
2026-04-29,243,21,170,140,11
2026-04-29,86,18,160,168.5,6
2026-04-29,158,58,294,221,23
2026-04-29,207,98,215,184.5,18
2026-04-29,221,43,209,209.0,14
2026-04-29,1,33,232,273,13
2026-04-29,362,15,207,159.0,10
2026-04-29,219,39,184,100,11
2026-04-29,222,17,,350.0,6
2026-04-29,237,69,199,171,21
2026-04-29,226,22,299,264.5,8
2026-04-29,246,74,197,116,13
2026-04-29,100,45,155,185,11
2026-04-29,216,33,190,172,11
2026-04-29,240,18,,144.5,6
2026-04-29,48,51,243,148,7
2026-04-29,223,44,189,216.0,14
2026-04-29,159,524,118,130,25
2026-04-29,370,46,143,129.0,6
2026-04-29,283,19,140,161,5
2026-04-29,19,54,147,169.0,24
2026-04-29,195,11,252,268,5
2026-04-29,220,17,193,204.0,10
2026-04-29,445,22,103,104.5,10
2026-04-29,137,33,168,168,7
2026-04-29,125,44,159,159.0,20
2026-04-29,260,64,146,166.5,20
2026-04-29,111,35,,255,7
2026-04-29,248,99,163,200.5,14
2026-04-29,261,30,300,178.5,8
2026-04-29,326,33,171,216,11
2026-04-29,135,35,143,151,13
2026-04-29,20,41,233,296.0,10
2026-04-29,242,65,166,87.5,22
2026-04-29,293,32,173,169.5,12
2026-04-29,296,32,134,117.5,12
2026-04-29,152,25,174,255.0,12
2026-04-29,146,37,174,241.0,8
2026-04-29,233,36,142,128.5,8
2026-04-29,299,44,237,210.0,10
2026-04-29,69,68,213,154.0,8
2026-04-29,255,23,138,143,7
2026-04-29,251,36,127,127.0,16
2026-04-29,21,47,139,124.0,18
2026-04-29,262,23,412,406,3
2026-04-29,259,51,372,439,5
2026-04-29,257,59,203,133,7
2026-04-29,280,8,237,271.0,6
2026-04-29,394,15,312,328.0,8
2026-04-29,174,11,299,299,7
2026-04-29,55,28,214,157.5,12
2026-04-29,441,13,320,320,7
2026-04-29,376,27,201,210.0,12
2026-04-29,272,27,257,263.5,12
2026-04-29,360,22,328,249.5,10
2026-04-29,161,22,328,213.5,14
2026-04-29,270,10,248,283.5,6
2026-04-29,375,15,364,364,9
2026-04-29,368,21,324,324,7
2026-04-29,359,27,345,345,11
2026-04-29,351,466,222,144.5,30
2026-04-29,204,22,265,253,11
2026-04-29,398,52,242,278,21
2026-04-29,188,57,262,269.5,24
2026-04-29,366,23,345,345,9
2026-04-29,164,30,273,331.0,8
2026-04-29,386,37,187,164.0,14
2026-04-29,230,23,,118,9
2026-04-29,215,19,202,209,11
2026-04-29,224,15,202,202,7
2026-04-29,373,22,151,199.0,10
2026-04-29,364,35,297,348.0,10
2026-04-29,202,21,290,260.0,16
2026-04-29,307,21,151,165,9
2026-04-29,438,20,193,239,7
2026-04-29,160,17,,115,7
2026-04-29,197,16,525,525,5
2026-04-29,168,15,147,96,9
2026-04-29,440,15,156,109.0,6
2026-04-29,341,24,241,206.0,8
2026-04-29,448,8,263,272,5
2026-04-29,387,7,599,638.5,6
2026-04-29,184,40,267,135,19
2026-04-29,309,15,324,305.5,8
2026-04-29,355,12,170,141,7
2026-04-29,374,69,92,77,19
2026-04-29,266,70,183,140.0,8
2026-04-29,88,20,,95,7
2026-04-29,352,43,168,168.0,10
2026-04-29,162,17,198,148.5,6
2026-04-29,382,27,161,115,11
2026-04-29,378,23,149,159,19
2026-04-29,154,88,113,123.0,22
2026-04-29,437,37,252,139.5,10
2026-04-29,238,11,179,225,7
2026-04-29,156,29,144,135.5,6
2026-04-29,320,81,80,59,19
2026-04-29,231,14,272,144,5
2026-04-29,265,11,263,189.0,4
2026-04-29,133,22,96,159,7
2026-04-29,44,11,126,137.5,6
2026-04-29,313,18,94,118,9
2026-04-29,347,54,148,183.5,12
2026-04-29,447,34,178,126,11
2026-04-29,336,32,120,116.5,12
2026-04-29,128,12,194,204.5,8
2026-04-29,150,47,174,127.5,20
2026-04-29,318,10,338,363.0,8
2026-04-29,180,22,122,114.0,8
2026-04-29,157,51,95,105,15
2026-04-29,784,15,,256,7
2026-04-29,847,41,111,120.0,6
2026-04-29,837,42,121,164,9
2026-04-29,879,86,88,93.0,10
2026-04-29,877,67,139,52,9
2026-04-29,808,136,82,79.5,12
2026-04-29,835,45,120,160.0,6
2026-04-29,788,42,129,129,11
2026-04-29,680,29,116,161,7
2026-04-29,868,15,,53,5
2026-04-29,746,17,90,105.5,6
2026-04-29,988,29,125,127,11
2026-04-29,699,25,92,116,7
2026-04-29,832,40,119,81.0,8
2026-04-29,860,121,54,21.0,20
2026-04-29,824,19,,118.0,4
2026-04-29,962,32,104,151.5,8
2026-04-29,878,8,,145.0,2
2026-04-29,6503,208,112,112,5
2026-04-29,947,34,77,88.0,6
2026-04-29,917,31,153,161.5,4
2026-04-29,976,15,229,216.5,6
2026-04-29,985,70,182,107,13
2026-04-29,934,41,104,79.0,8
2026-04-29,201,27,190,162.0,12
2026-04-29,167,121,92,123.5,20
2026-04-29,794,34,77,86.0,14
2026-04-29,452,39,108,111.0,8
2026-04-29,203,131,126,126,7
2026-04-29,456,110,101,152,9
2026-04-29,711,99,126,203.0,8
2026-04-29,122,70,65,135,5
2026-04-29,461,40,81,105.0,14
2026-04-29,470,64,65,95.5,12
2026-04-29,183,39,91,121.5,6
2026-04-29,468,57,147,164.5,6
2026-04-29,911,23,130,134.0,6
2026-04-29,701,30,53,47.0,4
2026-04-29,506,81,77,96,7
2026-04-29,732,97,77,53,9
2026-04-29,733,95,96,55,15
2026-04-29,449,146,54,22.5,8
2026-04-29,502,84,63,72,15
2026-04-29,885,58,120,119.0,16
2026-04-29,634,22,140,140,9
2026-04-29,841,42,70,70,7
2026-04-29,454,20,86,137,5
2026-04-29,729,78,53,72.5,10
2026-04-29,453,36,98,113.5,6
2026-04-29,485,38,150,168.0,18
2026-04-29,484,29,778,282,11
2026-04-29,509,10,,206.0,6
2026-04-29,483,8,208,152.5,4
2026-04-29,478,15,188,384,9
2026-04-29,404,93,197,155,7
2026-04-29,481,34,,68,17
2026-04-29,402,54,98,59,7
2026-04-29,391,13,156,156,7
2026-04-29,480,25,168,70.0,8
2026-04-29,465,58,120,134,21
2026-04-29,412,34,124,76.0,6
2026-04-29,401,206,114,119.5,20
2026-04-29,413,277,123,130.5,16
2026-04-29,488,30,183,202,7
2026-04-29,471,15,280,280,5
2026-04-29,499,15,192,185.0,6
2026-04-29,430,33,,49.5,6
2026-04-29,429,78,135,235,15
2026-04-29,595,61,131,131,9
2026-04-29,234,38,127,121,9
2026-04-29,432,82,123,50.5,14
2026-04-29,431,45,178,178,9
2026-04-29,497,42,140,82,11
2026-04-29,573,63,121,167.0,10
2026-04-29,864,47,120,131.0,8
2026-04-29,552,138,101,68,11
2026-04-29,119,42,200,201.5,6
2026-04-29,459,45,103,96.0,20
2026-04-29,482,55,204,184.5,8
2026-04-29,460,29,153,169.0,8
2026-04-29,83,49,98,98,7
2026-04-29,35,61,124,141,23
2026-04-29,29,49,126,94.0,20
2026-04-29,512,32,86,146,7
2026-04-29,518,45,81,108.0,8
2026-04-29,511,39,63,79.0,10
2026-04-29,474,208,54,54,29
2026-04-29,473,87,60,42,13
2026-04-29,505,48,53,42.0,12
2026-04-29,507,48,46,46,7
2026-04-29,613,81,76,76,15
2026-04-29,536,66,108,110.5,10
2026-04-29,34,91,51,38.5,6
2026-04-29,6440,764,37,41.5,10
2026-04-29,513,12,67,128.0,4
2026-04-29,804,94,48,41,23
2026-04-29,612,28,74,124,9
2026-04-29,601,86,46,48.0,8
2026-04-29,598,49,41,47,7
2026-04-29,600,32,65,70,11
2026-04-29,755,17,74,49.0,8
2026-04-29,609,20,67,67,9
2026-04-29,596,31,70,150,11
2026-04-29,721,4,138,145,3
2026-04-29,593,9,132,157.0,6
2026-04-29,611,9,123,123,5
2026-04-29,348,528,75,81,23
2026-04-29,643,35,,119.5,4
2026-04-29,578,13,104,110.0,6
2026-04-29,695,9,,173.0,4
2026-04-29,793,119,78,111.0,8
2026-04-29,594,31,116,158.0,8
2026-04-29,289,79,,23.5,10
2026-04-29,567,22,78,70,9
2026-04-29,569,44,60,71,13
2026-04-29,880,28,124,176,13
2026-04-29,575,37,160,180,17
2026-04-29,925,31,99,132.0,8
2026-04-29,913,36,79,79,15
2026-04-29,901,42,82,152,7
2026-04-29,950,20,105,151,3
2026-04-29,941,43,56,69,15
2026-04-29,939,18,173,125.0,4
2026-04-29,983,18,95,122.0,6
2026-04-29,974,76,103,103,9
2026-04-29,996,47,97,72,11
2026-04-29,991,25,119,114.0,8
2026-04-29,946,82,96,108.5,14
2026-04-29,978,145,101,173.0,18
2026-04-29,984,2,,270,1
2026-04-29,856,30,148,85,13
2026-04-29,834,48,113,99.5,6
2026-04-29,979,27,58,61.5,8
2026-04-29,924,70,76,77.5,12
2026-04-29,938,27,105,116.5,14
2026-04-29,957,61,63,84,17
2026-04-29,987,15,105,124.0,6
2026-04-29,969,10,171,110,7
2026-04-29,967,40,80,80,9
2026-04-29,966,16,95,103,5
2026-04-29,965,21,87,67,11
2026-04-29,960,63,69,63.0,10
2026-04-29,964,76,94,78,11
2026-04-29,935,45,92,92,9
2026-04-29,910,41,89,131,11
2026-04-29,940,22,102,96.0,10
2026-04-29,783,63,102,104.0,12
2026-04-29,890,34,139,139,7
2026-04-29,843,51,100,100,9
2026-04-29,848,12,214,203,7
2026-04-29,851,10,122,159.0,4
2026-04-29,891,27,92,92,11
2026-04-29,930,43,141,108.0,10
2026-04-29,970,26,137,138.5,12
2026-04-29,897,28,195,169,7
2026-04-29,568,34,50,50,13
2026-04-29,577,59,59,72.0,8
2026-04-29,907,15,88,191,7
2026-04-29,829,76,85,85,7
2026-04-29,918,50,102,104.0,8
2026-04-29,818,28,119,115.5,6
2026-04-29,853,30,59,59,7
2026-04-29,906,20,,125.0,10
2026-04-29,997,14,53,53,3
2026-04-29,291,44,,83.0,12
2026-04-29,271,26,170,103,7
2026-04-29,908,35,122,139,13
2026-04-29,899,29,120,169,5
2026-04-29,992,68,81,101,11
2026-04-29,999,52,100,159,7
2026-04-29,889,141,92,45,9
2026-04-29,904,30,138,143.5,10
2026-04-29,759,48,178,132,13
2026-04-29,932,15,148,176,5
2026-04-29,944,68,74,147,9
2026-04-29,993,33,108,117.0,8
2026-04-29,936,23,82,74.0,10
2026-04-29,981,11,122,122,3
2026-04-29,990,28,56,67.5,4
2026-04-29,900,39,53,59.0,10
2026-04-29,921,24,119,96.0,10
2026-04-29,958,23,65,65,7
2026-04-29,948,76,99,99,9
2026-04-29,833,46,49,58.0,6
2026-04-29,931,73,66,73.0,10
2026-04-29,828,62,46,47.0,16
2026-04-29,745,68,64,75.0,16
2026-04-29,772,42,50,110,21
2026-04-29,763,135,97,95,21
2026-04-29,182,26,118,73,5
2026-04-29,166,24,80,80,9
2026-04-29,74,21,107,137.0,8
2026-04-29,477,25,125,81.0,14
2026-04-29,138,48,68,69.5,8
2026-04-29,132,34,170,154,9
2026-04-29,492,25,149,53,5
2026-04-29,495,41,119,101.5,6
2026-04-29,920,10,94,60,3
2026-04-29,912,87,65,49.5,10
2026-04-29,928,31,161,180.0,6
2026-04-29,961,32,109,128.5,20
2026-04-29,587,2,124,148.0,2
2026-04-29,576,3,,121.5,2
2026-04-29,555,8,184,388,5
2026-04-29,585,6,,299.0,4
2026-04-29,720,39,84,82,5
2026-04-29,606,10,144,220,5
2026-04-29,718,7,87,94.0,4
2026-04-29,550,70,38,46,7
2026-04-29,588,8,62,91.5,4
2026-04-29,556,10,120,175,3
2026-04-29,706,25,81,94,11
2026-04-29,813,26,129,188.0,6
2026-04-29,525,25,96,111.0,8
2026-04-29,546,39,86,111.5,8
2026-04-29,543,36,92,105.5,10
2026-04-29,523,17,116,160.0,8
2026-04-29,541,31,89,145,5
2026-04-29,557,13,150,263.5,8
2026-04-29,786,17,137,137,5
2026-04-29,779,27,80,94,9
2026-04-29,517,27,67,113.0,12
2026-04-29,421,22,126,126,7
2026-04-29,427,18,137,86.5,6
2026-04-29,428,43,120,137,11
2026-04-29,955,7,116,97.5,2
2026-04-29,424,30,115,115,3
2026-04-29,881,34,152,175,9
2026-04-29,660,62,117,118,11
2026-04-29,632,2,,130,1
2026-04-29,617,11,,111.5,2
2026-04-29,435,25,158,254.0,8
2026-04-29,923,22,102,146.0,10
2026-04-29,869,24,170,217,5
2026-04-29,641,20,73,113.5,6
2026-04-29,570,45,36,71.0,12
2026-04-29,674,85,56,87,17
2026-04-29,681,26,32,66.5,8
2026-04-29,689,12,81,83.0,8
2026-04-29,605,23,,88.0,10
2026-04-29,592,9,,193,7
2026-04-29,572,20,138,193,9
2026-04-29,561,18,72,77.0,10
2026-04-29,579,24,39,145,13
2026-04-29,648,53,36,40.0,10
2026-04-29,638,14,105,69,5
2026-04-29,809,9,231,312.0,4
2026-04-29,636,31,65,93.5,8
2026-04-29,639,104,99,107.5,6
2026-04-29,817,100,92,113.0,20
2026-04-29,842,29,115,121,15
2026-04-29,816,67,150,150,11
2026-04-29,775,44,143,143,15
2026-04-29,830,164,152,169.0,12
2026-04-29,838,47,,151,17
2026-04-29,862,44,76,92.0,8
2026-04-29,812,49,121,138.0,10
2026-04-29,803,23,123,141.5,10
2026-04-29,748,19,88,124,9
2026-04-29,866,34,57,79,9
2026-04-29,688,22,50,73.5,8
2026-04-29,698,48,45,24.0,8
2026-04-29,426,26,100,100,9
2026-04-29,422,62,57,74,11
2026-04-29,750,32,85,104,5
2026-04-29,675,6,75,110,5
2026-04-29,411,79,92,96,5
2026-04-29,704,66,46,24,13
2026-04-29,702,16,69,71,7
2026-04-29,654,103,74,47.0,8
2026-04-29,5984,51,45,45.0,10
2026-04-29,710,42,68,70.5,12
2026-04-29,687,42,67,92,15
2026-04-29,734,151,88,77.0,24
2026-04-29,708,84,89,97.5,18
2026-04-29,724,78,98,91,15
2026-04-29,713,155,71,75.5,38
2026-04-29,821,184,66,97,49
2026-04-29,723,26,,70,11
2026-04-29,768,72,64,38,11
2026-04-29,825,68,68,59.0,16
2026-04-29,802,177,77,85,21
2026-04-29,799,345,48,71.0,22
2026-04-29,771,61,46,55,15
2026-04-29,780,62,68,82,27
2026-04-29,692,403,36,36,25
2026-04-29,791,34,46,52.0,8
2026-04-29,781,161,44,41.5,16
2026-04-29,790,17,91,115,7
2026-04-29,630,39,41,55.0,10
2026-04-29,627,48,70,80,5
2026-04-29,629,70,66,59.0,18
2026-04-29,625,215,41,51,7
2026-04-29,620,26,,63.5,6
2026-04-29,621,14,79,67.5,8
2026-04-29,622,41,55,73.5,10
2026-04-29,618,48,70,93.0,10
2026-04-29,619,60,129,128.0,6
2026-04-29,640,44,109,119,13
2026-04-29,649,77,98,82.5,22
2026-04-29,644,23,61,31,3
2026-04-29,653,147,55,62.0,16
2026-04-29,815,111,75,45.0,10
2026-04-29,952,13,156,195,5
2026-04-29,986,35,75,102.5,8
2026-04-29,942,13,119,165,11
2026-04-29,963,24,52,41.5,8
2026-04-29,894,22,,97.5,8
2026-04-29,980,33,189,170.5,14
2026-04-29,971,46,131,130,17
2026-04-29,973,22,134,134,5
2026-04-29,995,16,96,96,5
2026-04-29,975,3,107,100.5,2
2026-04-29,716,51,103,42.0,8
2026-04-29,169,41,80,47,9
2026-04-29,535,49,79,42,7
2026-04-29,538,56,92,92,11
2026-04-29,178,58,97,75.0,16
2026-04-29,623,78,77,98.5,10
2026-04-29,532,20,109,80.0,6
2026-04-29,539,23,104,75.0,8
2026-04-29,144,41,81,104,11
2026-04-29,524,43,149,159,15
2026-04-29,857,50,197,201.0,14
2026-04-29,676,17,198,198.0,10
2026-04-29,528,125,125,118,7
2026-04-29,527,4,,127.0,2
2026-04-29,529,53,95,106.5,14
2026-04-29,693,40,131,142.5,6
2026-04-29,662,19,209,223.5,6
2026-04-29,691,14,,70.0,6
2026-04-29,826,31,248,116,7
2026-04-29,514,34,116,101,15
2026-04-29,747,34,121,108.5,12
