store_id,url,city,state,first_seen,opened
1220,https://www.publicstorage.com/self-storage-ny-nesconset/1220.html,Nesconset,NY,2026-07-09,
5328,https://www.publicstorage.com/self-storage-va-richmond/5328.html,Richmond,VA,2026-07-09,
5349,https://www.publicstorage.com/self-storage-il-chicago/5349.html,Chicago,IL,2026-07-09,
5385,https://www.publicstorage.com/self-storage-fl-delray-beach/5385.html,Delray Beach,FL,2026-07-09,
5387,https://www.publicstorage.com/self-storage-al-irondale/5387.html,Irondale,AL,2026-07-09,
5422,https://www.publicstorage.com/self-storage-dc-washington/5422.html,Washington,DC,2026-07-09,
5425,https://www.publicstorage.com/self-storage-nj-rochelle-park/5425.html,Rochelle Park,NJ,2026-07-09,
5572,https://www.publicstorage.com/self-storage-az-peoria/5572.html,Peoria,AZ,2026-07-09,
5595,https://www.publicstorage.com/self-storage-tx-allen/5595.html,Allen,TX,2026-07-09,
5606,https://www.publicstorage.com/self-storage-tx-fort-worth/5606.html,Fort Worth,TX,2026-07-09,
5607,https://www.publicstorage.com/self-storage-tx-desoto/5607.html,Desoto,TX,2026-07-09,
5608,https://www.publicstorage.com/self-storage-tx-plano/5608.html,Plano,TX,2026-07-09,
5609,https://www.publicstorage.com/self-storage-tx-dallas/5609.html,Dallas,TX,2026-07-09,
5610,https://www.publicstorage.com/self-storage-az-glendale/5610.html,Glendale,AZ,2026-07-09,
5611,https://www.publicstorage.com/self-storage-az-glendale/5611.html,Glendale,AZ,2026-07-09,
5612,https://www.publicstorage.com/self-storage-az-phoenix/5612.html,Phoenix,AZ,2026-07-09,
5613,https://www.publicstorage.com/self-storage-az-youngtown/5613.html,Youngtown,AZ,2026-07-09,
5710,https://www.publicstorage.com/self-storage-ny-new-york/5710.html,New York,NY,2026-07-09,
5728,https://www.publicstorage.com/self-storage-az-buckeye/5728.html,Buckeye,AZ,2026-07-09,
5729,https://www.publicstorage.com/self-storage-ut-orem/5729.html,Orem,UT,2026-07-09,
5731,https://www.publicstorage.com/self-storage-ga-sugar-hill/5731.html,Sugar Hill,GA,2026-07-09,
5739,https://www.publicstorage.com/self-storage-ut-orem/5739.html,Orem,UT,2026-07-09,
5740,https://www.publicstorage.com/self-storage-ny-new-york/5740.html,New York,NY,2026-07-09,
5743,https://www.publicstorage.com/self-storage-ut-layton/5743.html,Layton,UT,2026-07-09,
5763,https://www.publicstorage.com/self-storage-id-meridian/5763.html,Meridian,ID,2026-07-09,
5766,https://www.publicstorage.com/self-storage-ga-marietta/5766.html,Marietta,GA,2026-07-09,
5767,https://www.publicstorage.com/self-storage-ct-norwalk/5767.html,Norwalk,CT,2026-07-09,
5772,https://www.publicstorage.com/self-storage-nj-fair-lawn/5772.html,Fair Lawn,NJ,2026-07-09,
5802,https://www.publicstorage.com/self-storage-tn-memphis/5802.html,Memphis,TN,2026-07-09,
5806,https://www.publicstorage.com/self-storage-az-litchfield-park/5806.html,Litchfield Park,AZ,2026-07-09,
5842,https://www.publicstorage.com/self-storage-in-fort-wayne/5842.html,Fort Wayne,IN,2026-07-09,
5845,https://www.publicstorage.com/self-storage-ma-boston/5845.html,Boston,MA,2026-07-09,
5855,https://www.publicstorage.com/self-storage-nv-las-vegas/5855.html,Las Vegas,NV,2026-07-09,
5858,https://www.publicstorage.com/self-storage-tx-mckinney/5858.html,Mckinney,TX,2026-07-09,
5872,https://www.publicstorage.com/self-storage-fl-miami/5872.html,Miami,FL,2026-07-09,
5893,https://www.publicstorage.com/self-storage-nv-las-vegas/5893.html,Las Vegas,NV,2026-07-09,
6041,https://www.publicstorage.com/self-storage-il-danville/6041.html,Danville,IL,2026-07-09,
6042,https://www.publicstorage.com/self-storage-in-indianapolis/6042.html,Indianapolis,IN,2026-07-09,
6043,https://www.publicstorage.com/self-storage-in-indianapolis/6043.html,Indianapolis,IN,2026-07-09,
6052,https://www.publicstorage.com/self-storage-ga-sandy-springs/6052.html,Sandy Springs,GA,2026-07-09,
6054,https://www.publicstorage.com/self-storage-fl-saint-petersburg/6054.html,Saint Petersburg,FL,2026-07-09,
6084,https://www.publicstorage.com/self-storage-mi-dearborn/6084.html,Dearborn,MI,2026-07-09,
6092,https://www.publicstorage.com/self-storage-ny-peekskill/6092.html,Peekskill,NY,2026-07-09,
6127,https://www.publicstorage.com/self-storage-in-indianapolis/6127.html,Indianapolis,IN,2026-07-09,
6131,https://www.publicstorage.com/self-storage-ga-lithia-springs/6131.html,Lithia Springs,GA,2026-07-09,
6140,https://www.publicstorage.com/self-storage-tx-arlington/6140.html,Arlington,TX,2026-07-09,
6141,https://www.publicstorage.com/self-storage-tx-arlington/6141.html,Arlington,TX,2026-07-09,
6142,https://www.publicstorage.com/self-storage-tx-carrollton/6142.html,Carrollton,TX,2026-07-09,
6143,https://www.publicstorage.com/self-storage-tx-dallas/6143.html,Dallas,TX,2026-07-09,
6144,https://www.publicstorage.com/self-storage-tx-duncanville/6144.html,Duncanville,TX,2026-07-09,
6145,https://www.publicstorage.com/self-storage-tx-lancaster/6145.html,Lancaster,TX,2026-07-09,
6146,https://www.publicstorage.com/self-storage-tx-lancaster/6146.html,Lancaster,TX,2026-07-09,
6147,https://www.publicstorage.com/self-storage-tx-sachse/6147.html,Sachse,TX,2026-07-09,
6148,https://www.publicstorage.com/self-storage-tx-the-colony/6148.html,The Colony,TX,2026-07-09,
6155,https://www.publicstorage.com/self-storage-tx-san-antonio/6155.html,San Antonio,TX,2026-07-09,
6157,https://www.publicstorage.com/self-storage-fl-daytona-beach/6157.html,Daytona Beach,FL,2026-07-09,
6159,https://www.publicstorage.com/self-storage-fl-lake-park/6159.html,Lake Park,FL,2026-07-09,
6165,https://www.publicstorage.com/self-storage-nj-toms-river/6165.html,Toms River,NJ,2026-07-09,
6194,https://www.publicstorage.com/self-storage-nv-las-vegas/6194.html,Las Vegas,NV,2026-07-09,
5863,https://www.publicstorage.com/self-storage-ga-grayson/5863.html,Grayson,GA,2026-08-02,
6219,https://www.publicstorage.com/self-storage-nc-claremont/6219.html,Claremont,NC,2026-08-02,
