date,status,baseline_age_days,old_skus,new_skus,matched_skus,events,note
2026-08-31,ok,0.0,55328,60132,45309,55227,
2026-09-01,ok,0.09,60132,61400,56719,1514,
2026-09-02,ok,0.11,61400,61731,58648,42176,
2026-09-03,ok,0.11,61731,61681,58599,1332,
2026-09-04,ok,0.11,61681,61316,58489,711,
2026-09-05,ok,0.1,61316,60859,58325,1081,
2026-09-06,ok,0.15,60859,60480,57890,943,
2026-09-07,ok,0.11,60480,60289,57825,716,
2026-09-08,ok,0.13,60289,59995,57713,559,
2026-09-09,ok,0.11,59995,59511,57197,527,
2026-09-10,ok,0.1,59511,59158,56562,17175,
