date,state,size,listings,units_avail,median_price
2026-09-01,AL,10x10,168,1743,88.0
2026-09-01,AL,10x15,108,661,95.0
2026-09-01,AL,10x20,118,661,126.0
2026-09-01,AL,10x25,31,105,182
2026-09-01,AL,10x30,65,146,180
2026-09-01,AL,5x10,141,763,52
2026-09-01,AL,5x15,45,135,79
2026-09-01,AL,5x5,77,393,40
2026-09-01,AL,Locker,9,25,36
2026-09-01,AL,Parking,64,320,70.0
2026-09-01,AZ,10x10,313,2638,92
2026-09-01,AZ,10x15,221,1096,124
2026-09-01,AZ,10x20,228,1276,167.0
2026-09-01,AZ,10x25,76,303,210.0
2026-09-01,AZ,10x30,111,365,239
2026-09-01,AZ,5x10,309,3414,52
2026-09-01,AZ,5x15,129,553,74
2026-09-01,AZ,5x5,275,2309,28
2026-09-01,AZ,Locker,6,37,22.5
2026-09-01,AZ,Parking,158,978,99.0
2026-09-01,CA,10x10,1424,7121,217.0
2026-09-01,CA,10x15,953,3435,288
2026-09-01,CA,10x20,771,3064,366
2026-09-01,CA,10x25,206,526,377.5
2026-09-01,CA,10x30,379,789,482
2026-09-01,CA,5x10,1351,6800,130
2026-09-01,CA,5x15,650,1767,176.0
2026-09-01,CA,5x5,1234,4739,86.0
2026-09-01,CA,Locker,85,2536,61
2026-09-01,CA,Parking,355,1501,159
2026-09-01,CO,10x10,276,1988,120.0
2026-09-01,CO,10x15,241,1048,166
2026-09-01,CO,10x20,221,1052,215
2026-09-01,CO,10x25,103,287,248
2026-09-01,CO,10x30,120,238,290.0
2026-09-01,CO,5x10,318,1983,65.5
2026-09-01,CO,5x15,114,415,90.0
2026-09-01,CO,5x5,266,1446,42.0
2026-09-01,CO,Locker,12,150,14.0
2026-09-01,CO,Parking,64,294,111.5
2026-09-01,CT,10x10,48,344,126.5
2026-09-01,CT,10x15,31,151,152
2026-09-01,CT,10x20,36,121,240.0
2026-09-01,CT,10x25,4,6,238.0
2026-09-01,CT,10x30,15,24,281
2026-09-01,CT,5x10,51,328,78
2026-09-01,CT,5x15,25,59,100
2026-09-01,CT,5x5,56,210,54.0
2026-09-01,CT,Parking,8,21,117.0
2026-09-01,DC,10x10,3,23,186
2026-09-01,DC,10x15,1,1,261
2026-09-01,DC,10x20,4,4,360.0
2026-09-01,DC,5x10,6,13,105.0
2026-09-01,DC,5x15,2,7,171.5
2026-09-01,DC,5x5,6,7,76.0
2026-09-01,DC,Locker,3,4,68
2026-09-01,DE,10x10,18,167,112.5
2026-09-01,DE,10x15,12,120,174.0
2026-09-01,DE,10x20,11,32,207
2026-09-01,DE,10x25,2,2,214.0
2026-09-01,DE,10x30,5,9,268
2026-09-01,DE,5x10,20,328,86.0
2026-09-01,DE,5x15,13,82,99
2026-09-01,DE,5x5,18,166,51.0
2026-09-01,DE,Locker,4,19,33.0
2026-09-01,DE,Parking,8,40,76.0
2026-09-01,FL,10x10,1325,10483,116
2026-09-01,FL,10x15,923,4415,156
2026-09-01,FL,10x20,936,4041,206.5
2026-09-01,FL,10x25,242,671,239.5
2026-09-01,FL,10x30,433,850,309
2026-09-01,FL,5x10,1442,10664,66.0
2026-09-01,FL,5x15,509,1725,98
2026-09-01,FL,5x5,1183,7122,40
2026-09-01,FL,Locker,233,2210,32
2026-09-01,FL,Parking,425,1400,121
2026-09-01,GA,10x10,501,4018,86
2026-09-01,GA,10x15,358,2057,116.0
2026-09-01,GA,10x20,387,1677,161
2026-09-01,GA,10x25,134,405,180.0
2026-09-01,GA,10x30,248,541,224.0
2026-09-01,GA,5x10,474,3401,46.0
2026-09-01,GA,5x15,210,1133,58.0
2026-09-01,GA,5x5,379,2078,31
2026-09-01,GA,Locker,19,418,34
2026-09-01,GA,Parking,140,448,79.5
2026-09-01,HI,10x10,40,195,326.0
2026-09-01,HI,10x15,24,48,420.5
2026-09-01,HI,10x20,6,7,422.0
2026-09-01,HI,10x25,2,2,578.5
2026-09-01,HI,10x30,2,2,613.0
2026-09-01,HI,5x10,35,173,209
2026-09-01,HI,5x15,24,40,256.0
2026-09-01,HI,5x5,45,194,116
2026-09-01,HI,Locker,8,498,69.0
2026-09-01,HI,Parking,13,33,269
2026-09-01,IA,10x10,10,73,81.5
2026-09-01,IA,10x15,10,75,95.0
2026-09-01,IA,10x20,14,51,124.5
2026-09-01,IA,10x25,7,14,137
2026-09-01,IA,10x30,4,7,151.0
2026-09-01,IA,5x10,12,273,45.0
2026-09-01,IA,5x15,3,4,58
2026-09-01,IA,5x5,7,17,34
2026-09-01,IA,Parking,2,5,75.0
2026-09-01,ID,10x10,41,185,116
2026-09-01,ID,10x15,25,139,140
2026-09-01,ID,10x20,29,230,172
2026-09-01,ID,10x25,17,61,172
2026-09-01,ID,10x30,25,65,194
2026-09-01,ID,5x10,34,160,73.0
2026-09-01,ID,5x15,5,19,105
2026-09-01,ID,5x5,13,63,53
2026-09-01,ID,Parking,45,344,114
2026-09-01,IL,10x10,360,1297,134.0
2026-09-01,IL,10x15,231,628,184
2026-09-01,IL,10x20,221,623,238
2026-09-01,IL,10x25,74,146,278.0
2026-09-01,IL,10x30,125,234,325
2026-09-01,IL,5x10,343,1189,82
2026-09-01,IL,5x15,194,396,108.5
2026-09-01,IL,5x5,281,697,50
2026-09-01,IL,Locker,3,4,41
2026-09-01,IL,Parking,82,282,124.0
2026-09-01,IN,10x10,157,772,104
2026-09-01,IN,10x15,96,436,129.5
2026-09-01,IN,10x20,118,474,168.0
2026-09-01,IN,10x25,39,110,176
2026-09-01,IN,10x30,82,185,231.0
2026-09-01,IN,5x10,136,613,62.0
2026-09-01,IN,5x15,56,375,81.0
2026-09-01,IN,5x5,79,283,41
2026-09-01,IN,Locker,2,8,37.5
2026-09-01,IN,Parking,67,265,85
2026-09-01,KS,10x10,120,843,99.0
2026-09-01,KS,10x15,80,366,122.5
2026-09-01,KS,10x20,79,357,168
2026-09-01,KS,10x25,42,137,172.5
2026-09-01,KS,10x30,51,90,230
2026-09-01,KS,5x10,120,825,54.0
2026-09-01,KS,5x15,36,187,85.0
2026-09-01,KS,5x5,69,424,27
2026-09-01,KS,Locker,1,1,13
2026-09-01,KS,Parking,55,252,80
2026-09-01,KY,10x10,56,423,85.0
2026-09-01,KY,10x15,47,259,104
2026-09-01,KY,10x20,49,219,152
2026-09-01,KY,10x25,16,76,175.5
2026-09-01,KY,10x30,21,65,195
2026-09-01,KY,5x10,51,221,51
2026-09-01,KY,5x15,8,37,61.0
2026-09-01,KY,5x5,34,168,29.0
2026-09-01,KY,Parking,28,185,80.0
2026-09-01,LA,10x10,89,853,95
2026-09-01,LA,10x15,66,366,110.5
2026-09-01,LA,10x20,60,216,121.5
2026-09-01,LA,10x25,16,52,164.0
2026-09-01,LA,10x30,22,35,198.5
2026-09-01,LA,5x10,87,881,50
2026-09-01,LA,5x15,42,241,74.0
2026-09-01,LA,5x5,65,369,32
2026-09-01,LA,Locker,4,18,30.0
2026-09-01,LA,Parking,45,150,66
2026-09-01,MA,10x10,118,847,146.0
2026-09-01,MA,10x15,107,335,191
2026-09-01,MA,10x20,93,280,268
2026-09-01,MA,10x25,18,46,268.0
2026-09-01,MA,10x30,30,65,446.0
2026-09-01,MA,5x10,138,933,94.5
2026-09-01,MA,5x15,62,243,109.0
2026-09-01,MA,5x5,137,668,64
2026-09-01,MA,Locker,5,175,33
2026-09-01,MA,Parking,17,35,122
2026-09-01,MD,10x10,284,1311,154.0
2026-09-01,MD,10x15,184,554,210.0
2026-09-01,MD,10x20,184,492,274.0
2026-09-01,MD,10x25,28,49,278.0
2026-09-01,MD,10x30,86,136,384.5
2026-09-01,MD,5x10,313,1483,86
2026-09-01,MD,5x15,167,568,116
2026-09-01,MD,5x5,256,1444,48.0
2026-09-01,MD,Locker,31,156,32
2026-09-01,MD,Parking,39,65,148
2026-09-01,MI,10x10,208,1029,114.0
2026-09-01,MI,10x15,139,714,148
2026-09-01,MI,10x20,152,618,172.0
2026-09-01,MI,10x25,59,106,216
2026-09-01,MI,10x30,102,205,252.0
2026-09-01,MI,5x10,208,1444,62.0
2026-09-01,MI,5x15,129,426,90
2026-09-01,MI,5x5,157,787,38
2026-09-01,MI,Locker,13,21,38
2026-09-01,MI,Parking,81,452,99
2026-09-01,MN,10x10,169,879,122
2026-09-01,MN,10x15,133,484,156
2026-09-01,MN,10x20,160,500,209.0
2026-09-01,MN,10x25,46,92,216.5
2026-09-01,MN,10x30,87,155,261
2026-09-01,MN,5x10,201,1006,70
2026-09-01,MN,5x15,81,175,86
2026-09-01,MN,5x5,166,496,41.5
2026-09-01,MN,Locker,12,258,16.0
2026-09-01,MN,Parking,62,99,109.5
2026-09-01,MO,10x10,130,462,116.0
2026-09-01,MO,10x15,78,237,143.0
2026-09-01,MO,10x20,72,202,180.5
2026-09-01,MO,10x25,32,83,193.5
2026-09-01,MO,10x30,44,73,248.5
2026-09-01,MO,5x10,145,664,68
2026-09-01,MO,5x15,59,126,90
2026-09-01,MO,5x5,113,413,46
2026-09-01,MO,Locker,2,7,23.0
2026-09-01,MO,Parking,46,196,92.5
2026-09-01,MS,10x10,14,134,65.5
2026-09-01,MS,10x15,12,84,88.5
2026-09-01,MS,10x20,13,90,107
2026-09-01,MS,10x25,6,16,197.0
2026-09-01,MS,10x30,12,35,196.0
2026-09-01,MS,5x10,18,185,24.0
2026-09-01,MS,5x15,5,20,54
2026-09-01,MS,5x5,10,70,27.0
2026-09-01,MS,Parking,8,12,68.0
2026-09-01,NC,10x10,345,2665,106
2026-09-01,NC,10x15,241,1154,134
2026-09-01,NC,10x20,284,1022,178.0
2026-09-01,NC,10x25,95,234,202
2026-09-01,NC,10x30,173,281,242
2026-09-01,NC,5x10,358,2135,64.0
2026-09-01,NC,5x15,109,381,80
2026-09-01,NC,5x5,261,1199,42
2026-09-01,NC,Locker,11,47,16
2026-09-01,NC,Parking,123,399,97
2026-09-01,NE,10x10,27,137,110
2026-09-01,NE,10x15,19,41,132
2026-09-01,NE,10x20,20,101,134.0
2026-09-01,NE,10x25,5,9,163
2026-09-01,NE,10x30,14,42,210.0
2026-09-01,NE,5x10,23,91,76
2026-09-01,NE,5x15,3,3,79
2026-09-01,NE,5x5,20,42,43.0
2026-09-01,NE,Parking,12,79,94.0
2026-09-01,NH,10x10,49,341,102
2026-09-01,NH,10x15,31,109,132
2026-09-01,NH,10x20,35,180,178
2026-09-01,NH,10x25,16,51,193.0
2026-09-01,NH,10x30,19,55,238
2026-09-01,NH,5x10,46,251,62.0
2026-09-01,NH,5x15,19,136,70
2026-09-01,NH,5x5,43,301,38
2026-09-01,NH,Parking,17,53,75
2026-09-01,NJ,10x10,257,1816,136
2026-09-01,NJ,10x15,198,879,175.5
2026-09-01,NJ,10x20,154,588,250.0
2026-09-01,NJ,10x25,54,113,274.5
2026-09-01,NJ,10x30,95,150,321
2026-09-01,NJ,5x10,259,1796,70
2026-09-01,NJ,5x15,97,315,98
2026-09-01,NJ,5x5,202,1275,48.0
2026-09-01,NJ,Locker,19,373,23
2026-09-01,NJ,Parking,71,164,116
2026-09-01,NM,10x10,14,132,64.5
2026-09-01,NM,10x15,17,174,71
2026-09-01,NM,10x20,15,130,132
2026-09-01,NM,10x25,7,50,128
2026-09-01,NM,10x30,9,34,102
2026-09-01,NM,5x10,16,129,47.0
2026-09-01,NM,5x15,4,48,45.0
2026-09-01,NM,5x5,7,31,32
2026-09-01,NM,Parking,4,7,73.5
2026-09-01,NV,10x10,123,1487,92
2026-09-01,NV,10x15,93,799,127
2026-09-01,NV,10x20,83,648,173
2026-09-01,NV,10x25,33,65,197
2026-09-01,NV,10x30,37,83,274
2026-09-01,NV,5x10,114,1981,50.0
2026-09-01,NV,5x15,32,123,69.0
2026-09-01,NV,5x5,104,1006,30.0
2026-09-01,NV,Locker,2,19,10.0
2026-09-01,NV,Parking,32,165,109.5
2026-09-01,NY,10x10,240,1023,210.0
2026-09-01,NY,10x15,168,382,296.0
2026-09-01,NY,10x20,121,336,384
2026-09-01,NY,10x25,23,42,342
2026-09-01,NY,10x30,44,62,398.0
2026-09-01,NY,5x10,260,1136,122.0
2026-09-01,NY,5x15,129,251,184
2026-09-01,NY,5x5,219,1058,76
2026-09-01,NY,Locker,39,1965,44
2026-09-01,NY,Parking,36,109,166.5
2026-09-01,OH,10x10,232,1198,101.0
2026-09-01,OH,10x15,162,776,127.5
2026-09-01,OH,10x20,161,725,158
2026-09-01,OH,10x25,75,177,182
2026-09-01,OH,10x30,143,289,229
2026-09-01,OH,5x10,221,1258,56
2026-09-01,OH,5x15,105,410,73
2026-09-01,OH,5x5,132,567,34.5
2026-09-01,OH,Locker,2,40,19.0
2026-09-01,OH,Parking,86,406,101.0
2026-09-01,OK,10x10,211,1814,81
2026-09-01,OK,10x15,143,867,100
2026-09-01,OK,10x20,172,1212,134.0
2026-09-01,OK,10x25,76,349,156.5
2026-09-01,OK,10x30,118,338,190.0
2026-09-01,OK,5x10,199,1410,47
2026-09-01,OK,5x15,50,322,54.0
2026-09-01,OK,5x5,110,610,28.0
2026-09-01,OK,Locker,1,4,30
2026-09-01,OK,Parking,116,663,62.0
2026-09-01,OR,10x10,276,1188,116.5
2026-09-01,OR,10x15,200,656,154.5
2026-09-01,OR,10x20,193,784,191
2026-09-01,OR,10x25,68,152,222.5
2026-09-01,OR,10x30,143,317,282
2026-09-01,OR,5x10,277,1437,66
2026-09-01,OR,5x15,136,501,88.0
2026-09-01,OR,5x5,218,936,45.0
2026-09-01,OR,Locker,4,14,33.5
2026-09-01,OR,Parking,121,496,110
2026-09-01,PA,10x10,175,1157,116
2026-09-01,PA,10x15,134,769,149.5
2026-09-01,PA,10x20,113,440,206
2026-09-01,PA,10x25,44,73,234.5
2026-09-01,PA,10x30,58,112,289.0
2026-09-01,PA,5x10,175,988,70
2026-09-01,PA,5x15,93,424,86
2026-09-01,PA,5x5,140,762,41.5
2026-09-01,PA,Locker,5,72,14
2026-09-01,PA,Parking,54,125,88.0
2026-09-01,PR,10x10,42,367,299.0
2026-09-01,PR,10x15,34,177,401.0
2026-09-01,PR,10x20,34,131,445.5
2026-09-01,PR,10x25,11,34,575
2026-09-01,PR,10x30,15,51,719
2026-09-01,PR,5x10,37,215,181
2026-09-01,PR,5x15,24,84,223.5
2026-09-01,PR,5x5,37,147,119
2026-09-01,PR,Locker,26,132,87.0
2026-09-01,PR,Parking,14,25,157.0
2026-09-01,RI,10x10,15,146,124
2026-09-01,RI,10x15,11,98,147
2026-09-01,RI,10x20,15,65,169
2026-09-01,RI,10x25,5,12,160
2026-09-01,RI,10x30,4,17,213.0
2026-09-01,RI,5x10,20,282,66.0
2026-09-01,RI,5x15,10,118,96.0
2026-09-01,RI,5x5,16,166,52.0
2026-09-01,SC,10x10,243,2184,102
2026-09-01,SC,10x15,207,1144,132
2026-09-01,SC,10x20,187,752,166
2026-09-01,SC,10x25,47,89,196
2026-09-01,SC,10x30,100,178,244.0
2026-09-01,SC,5x10,228,1156,56.0
2026-09-01,SC,5x15,74,363,73.0
2026-09-01,SC,5x5,152,782,38.0
2026-09-01,SC,Locker,8,39,39.0
2026-09-01,SC,Parking,108,342,97.5
2026-09-01,TN,10x10,166,1471,109.0
2026-09-01,TN,10x15,124,457,138.0
2026-09-01,TN,10x20,128,440,168.5
2026-09-01,TN,10x25,32,53,204.0
2026-09-01,TN,10x30,103,197,226
2026-09-01,TN,5x10,172,958,64.5
2026-09-01,TN,5x15,44,141,86.5
2026-09-01,TN,5x5,114,470,42.0
2026-09-01,TN,Locker,6,147,30.0
2026-09-01,TN,Parking,66,211,86.0
2026-09-01,TX,10x10,1900,14978,92.0
2026-09-01,TX,10x15,1414,6638,130.0
2026-09-01,TX,10x20,1340,5493,169.0
2026-09-01,TX,10x25,531,1285,198
2026-09-01,TX,10x30,832,1806,248.0
2026-09-01,TX,5x10,1871,15498,48
2026-09-01,TX,5x15,732,3044,75.5
2026-09-01,TX,5x5,1483,9765,32
2026-09-01,TX,Locker,69,337,26
2026-09-01,TX,Parking,587,2256,97
2026-09-01,UT,10x10,33,169,109
2026-09-01,UT,10x15,28,63,144.0
2026-09-01,UT,10x20,20,53,179.5
2026-09-01,UT,10x25,11,27,227
2026-09-01,UT,10x30,18,26,256.5
2026-09-01,UT,5x10,34,106,65.5
2026-09-01,UT,5x15,9,27,70
2026-09-01,UT,5x5,27,85,45
2026-09-01,UT,Parking,9,29,95
2026-09-01,VA,10x10,292,1764,146.0
2026-09-01,VA,10x15,221,637,190
2026-09-01,VA,10x20,217,684,257
2026-09-01,VA,10x25,64,136,249.5
2026-09-01,VA,10x30,113,198,291
2026-09-01,VA,5x10,313,1528,86
2026-09-01,VA,5x15,144,405,101.5
2026-09-01,VA,5x5,237,886,58
2026-09-01,VA,Locker,13,192,45
2026-09-01,VA,Parking,72,178,137.5
2026-09-01,WA,10x10,359,1849,158
2026-09-01,WA,10x15,242,811,194.0
2026-09-01,WA,10x20,256,755,261.0
2026-09-01,WA,10x25,93,197,328
2026-09-01,WA,10x30,132,240,386.0
2026-09-01,WA,5x10,342,1498,88.0
2026-09-01,WA,5x15,207,476,114
2026-09-01,WA,5x5,268,819,58.0
2026-09-01,WA,Locker,15,104,54
2026-09-01,WA,Parking,128,383,166.0
2026-09-01,WI,10x10,21,64,104
2026-09-01,WI,10x15,23,73,124
2026-09-01,WI,10x20,23,88,168
2026-09-01,WI,10x25,4,6,153.0
2026-09-01,WI,10x30,11,16,274
2026-09-01,WI,5x10,32,105,71.5
2026-09-01,WI,5x15,8,13,109.0
2026-09-01,WI,5x5,19,56,38
2026-09-01,WI,Parking,19,101,92
