date,brand,store_id,site_number,size,sku,field,old,new,days_since_previous
2026-09-02,storagesense,sense_1049,1049,10x10,sense_4681442,price,120,134,0.12
2026-09-02,storagesense,sense_1049,1049,10x10,sense_4681442,street_price,150,168,0.12
2026-09-02,storagesense,sense_1049,1049,5x5,sense_4688027,price,15,19,0.12
2026-09-02,storagesense,sense_1049,1049,5x5,sense_4688027,street_price,19,24,0.12
2026-09-02,storagesense,sense_1049,1049,5x5,sense_4681695,price,32,29,0.12
2026-09-02,storagesense,sense_1049,1049,5x5,sense_4681695,street_price,40,37,0.12
2026-09-02,storagesense,sense_1049,1049,5x10,sense_4690096,price,40,54,0.12
2026-09-02,storagesense,sense_1049,1049,5x10,sense_4690096,street_price,50,68,0.12
2026-09-02,storagesense,sense_1049,1049,7x10,sense_4687690,price,82,79,0.12
2026-09-02,storagesense,sense_1049,1049,7x10,sense_4687690,street_price,103,99,0.12
2026-09-02,storagesense,sense_1049,1049,7x10,sense_4682613,price,75,84,0.12
2026-09-02,storagesense,sense_1049,1049,7x10,sense_4682613,street_price,94,105,0.12
2026-09-02,storagesense,sense_1049,1049,5x15,sense_4681190,price,87,89,0.12
2026-09-02,storagesense,sense_1049,1049,5x15,sense_4681190,street_price,109,112,0.12
2026-09-02,storagesense,sense_1049,1049,10x20,sense_4685267,price,145,199,0.12
2026-09-02,storagesense,sense_1049,1049,10x20,sense_4685267,street_price,182,249,0.12
2026-09-03,storagesense,sense_164187,164187,10x10,sense_5089874,price,60,59,0.91
2026-09-03,storagesense,sense_164187,164187,10x10,sense_5089874,street_price,125,123,0.91
2026-09-03,storagesense,sense_164187,164187,15x10,sense_5090031,price,45,49,0.91
2026-09-03,storagesense,sense_164187,164187,15x10,sense_5090031,street_price,94,103,0.91
2026-09-03,storagesense,sense_164187,164187,10x30,sense_5089947,price,104,99,0.91
2026-09-03,storagesense,sense_164187,164187,10x30,sense_5089947,street_price,217,207,0.91
2026-09-03,storagesense,sense_1680,1680,10x20,sense_4643004,price,125,111,0.91
2026-09-03,storagesense,sense_16997,16997,5x5,sense_4623984,price,33,29,0.91
2026-09-03,storagesense,sense_17124,17124,10x20,sense_4716567,price,155,138,0.91
2026-09-03,storagesense,sense_17403,17403,10x15,sense_5242061,price,105,118,0.91
2026-09-03,storagesense,sense_1892,1892,10x10,sense_4690141,price,194,173,0.91
2026-09-03,storagesense,sense_1915,1915,5x10,sense_4642589,price,29,25,0.91
2026-09-03,storagesense,sense_2114,2114,5x10,sense_4693546,price,96,98,0.91
2026-09-03,storagesense,sense_2137,2137,10x40,sense_4677348,price,240,239,0.91
2026-09-03,storagesense,sense_2137,2137,10x40,sense_4677348,street_price,375,374,0.91
2026-09-03,storagesense,sense_2280,2280,10x30,sense_4839571,promo,1st Month Free!,,0.91
2026-09-03,storagesense,sense_2306,2306,5x10,sense_4686349,price,155,74,0.91
2026-09-03,storagesense,sense_2307,2307,5x10,sense_4651454,price,90,80,0.91
2026-09-03,storagesense,sense_2336,2336,10x20,sense_4688915,price,405,259,0.91
2026-09-03,storagesense,sense_2341,2341,10x10,sense_4623846,promo,1st Month Free!,,0.91
2026-09-03,storagesense,sense_2364,2364,5x10,sense_4627419,price,134,64,0.91
2026-09-03,storagesense,sense_2385,2385,10x10,sense_4630713,promo,,1st Month Free!,0.91
2026-09-03,storagesense,sense_2385,2385,10x15,sense_4629751,promo,,1st Month Free!,0.91
2026-09-03,storagesense,sense_2392,2392,10x20,sense_5004474,price,125,111,0.91
2026-09-03,storagesense,sense_2411,2411,10x20,sense_4655339,price,72,64,0.91
2026-09-03,storagesense,sense_2606,2606,10x30,sense_5349970,price,319,399,0.91
2026-09-03,storagesense,sense_2606,2606,10x30,sense_5349970,promo,,50% off first 3 months!,0.91
2026-09-03,storagesense,sense_2668,2668,5x10,sense_4675224,price,87,69,0.91
2026-09-03,storagesense,sense_2678,2678,3x4,sense_4654581,price,19,9,0.91
2026-09-03,storagesense,sense_2678,2678,3x4,sense_4654581,promo,,1st Month Free!,0.91
2026-09-03,storagesense,sense_2680,2680,10x10,sense_4657662,price,139,124,0.91
2026-09-03,storagesense,sense_2680,2680,10x15,sense_4659504,price,257,164,0.91
2026-09-03,storagesense,sense_2698,2698,5x15,sense_4703151,price,93,74,0.91
2026-09-03,storagesense,sense_2792,2792,5x15,sense_4709393,price,54,61,0.91
2026-09-03,storagesense,sense_2793,2793,10x10,sense_4713549,price,98,110,0.91
2026-09-03,storagesense,sense_831,831,10x10,sense_4638960,promo,,1st Month Free!,0.91
2026-09-03,storagesense,sense_838,838,10x20,sense_4646212,price,324,259,0.91
2026-09-03,storagesense,sense_864,864,5x10,sense_4684900,price,68,89,0.91
2026-09-03,storagesense,sense_864,864,5x10,sense_4684900,street_price,73,112,0.91
2026-09-03,storagesense,sense_864,864,5x10,sense_4684900,promo,1st Month Free!,30% Off 4 Months!,0.91
2026-09-03,storagesense,sense_864,864,5x10,sense_4678181,promo,50% off first 3 months!,30% Off 4 Months!,0.91
2026-09-03,storagesense,sense_864,864,10x10,sense_4679409,promo,1st Month Free!,30% Off 4 Months!,0.91
2026-09-03,storagesense,sense_864,864,10x15,sense_4686057,price,100,124,0.91
2026-09-03,storagesense,sense_864,864,10x15,sense_4686057,street_price,109,155,0.91
2026-09-03,storagesense,sense_864,864,10x15,sense_4686057,promo,1st Month Free!,30% Off 4 Months!,0.91
2026-09-03,storagesense,sense_864,864,10x15,sense_4686283,promo,1st Month Free!,30% Off 4 Months!,0.91
2026-09-03,storagesense,sense_864,864,5x5,sense_4677225,promo,1st Month Free!,30% Off 4 Months!,0.91
2026-09-03,storagesense,sense_864,864,5x10,sense_4681205,promo,1st Month Free!,30% Off 4 Months!,0.91
2026-09-03,storagesense,sense_864,864,10x5,sense_4680389,promo,50% off first 3 months!,30% Off 4 Months!,0.91
2026-09-03,storagesense,sense_864,864,8x10,sense_4684991,promo,1st Month Free!,30% Off 4 Months!,0.91
2026-09-03,storagesense,sense_864,864,10x10,sense_4676855,promo,50% off first 3 months!,30% Off 4 Months!,0.91
2026-09-03,storagesense,sense_864,864,10x10,sense_4679916,promo,1st Month Free!,30% Off 4 Months!,0.91
2026-09-03,storagesense,sense_864,864,10x15,sense_4683005,promo,50% off first 3 months!,30% Off 4 Months!,0.91
2026-09-03,storagesense,sense_864,864,10x18,sense_4684864,promo,1st Month Free!,30% Off 4 Months!,0.91
2026-09-03,storagesense,sense_864,864,10x20,sense_4684282,promo,1st Month Free!,30% Off 4 Months!,0.91
2026-09-03,storagesense,sense_864,864,10x20,sense_4683695,promo,1st Month Free!,30% Off 4 Months!,0.91
2026-09-03,storagesense,sense_864,864,10x20,sense_4684016,promo,1st Month Free!,30% Off 4 Months!,0.91
2026-09-03,storagesense,sense_864,864,10x20,sense_4681904,price,89,239,0.91
2026-09-03,storagesense,sense_864,864,10x20,sense_4681904,street_price,186,299,0.91
2026-09-03,storagesense,sense_864,864,10x20,sense_4681904,promo,1st Month Free!,30% Off 4 Months!,0.91
2026-09-03,storagesense,sense_864,864,10x20,sense_4679387,promo,1st Month Free!,30% Off 4 Months!,0.91
2026-09-03,storagesense,sense_864,864,20x10,sense_4682208,promo,1st Month Free!,30% Off 4 Months!,0.91
2026-09-03,storagesense,sense_864,864,10x25,sense_4683447,promo,1st Month Free!,30% Off 4 Months!,0.91
2026-09-03,storagesense,sense_864,864,10x30,sense_4681679,promo,1st Month Free!,30% Off 4 Months!,0.91
2026-09-03,storagesense,sense_864,864,20x20,sense_4676777,promo,1st Month Free!,30% Off 4 Months!,0.91
2026-09-03,storagesense,sense_865,865,5x5,sense_4640929,price,59,52,0.91
2026-09-03,storagesense,sense_865,865,5x10,sense_4641700,price,100,64,0.91
2026-09-03,storagesense,sense_1307,1307,10x15,sense_5227728,price,99,111,0.91
2026-09-03,storagesense,sense_1557,1557,10x15,sense_4666244,price,173,93,0.91
2026-09-03,storagesense,sense_163719,163719,5x10,sense_4657371,price,55,49,0.91
2026-09-03,storagesense,sense_163719,163719,5x10,sense_4656840,price,103,49,0.91
2026-09-03,storagesense,sense_163719,163719,10x20,sense_5235264,price,139,174,0.91
2026-09-04,storagesense,sense_163885,163885,10x20,sense_4619763,promo,,1st Month Free!,0.76
2026-09-04,storagesense,sense_163937,163937,5x10,sense_4871921,price,135,86,0.76
2026-09-04,storagesense,sense_164023,164023,10x17,sense_4961590,price,173,83,0.76
2026-09-04,storagesense,sense_164072,164072,10x20,sense_4987035,promo,,1st Month Free!,0.76
2026-09-04,storagesense,sense_164100,164100,10x5,sense_5007679,price,89,79,0.76
2026-09-04,storagesense,sense_16966,16966,10x20,sense_4619858,price,213,102,0.76
2026-09-04,storagesense,sense_16997,16997,10x10,sense_4862324,promo,1st Month Free!,,0.76
2026-09-04,storagesense,sense_16998,16998,10x20,sense_4910126,price,207,99,0.76
2026-09-04,storagesense,sense_17392,17392,10x10,sense_4791455,price,185,165,0.76
2026-09-04,storagesense,sense_1892,1892,5x5,sense_4685251,price,108,86,0.76
2026-09-04,storagesense,sense_1915,1915,5x15,sense_4645559,price,51,45,0.76
2026-09-04,storagesense,sense_2139,2139,10x30,sense_4679647,promo,,1st Month Free!,0.76
2026-09-04,storagesense,sense_2143,2143,10x15,sense_4677095,price,274,219,0.76
2026-09-04,storagesense,sense_2152,2152,10x15,sense_4694560,price,220,176,0.76
2026-09-04,storagesense,sense_2339,2339,10x10,sense_4617838,price,157,125,0.76
2026-09-04,storagesense,sense_2340,2340,20x20,sense_5353111,street_price,363,265,0.76
2026-09-04,storagesense,sense_2346,2346,10x15,sense_4679831,price,212,189,0.76
2026-09-04,storagesense,sense_2354,2354,5x10,sense_4611359,price,50,44,0.76
2026-09-04,storagesense,sense_2390,2390,10x30,sense_4635273,price,105,84,0.76
2026-09-04,storagesense,sense_2396,2396,10x20,sense_4617409,price,148,166,0.76
2026-09-04,storagesense,sense_2398,2398,8x20,sense_4628110,promo,50% Off First 3 Full Months!,,0.76
2026-09-04,storagesense,sense_2457,2457,5x5,sense_4710305,price,34,44,0.76
2026-09-04,storagesense,sense_2597,2597,10x20,sense_4669549,price,144,69,0.76
2026-09-04,storagesense,sense_2679,2679,6x8,sense_4684858,price,44,39,0.76
2026-09-04,storagesense,sense_2793,2793,5x15,sense_5352464,promo,,50% off first 3 months!,0.76
2026-09-04,storagesense,sense_820,820,5x10,sense_4683464,promo,50% off 1st Month!,,0.76
2026-09-04,storagesense,sense_838,838,10x15,sense_4640847,price,183,146,0.76
2026-09-04,storagesense,sense_848,848,10x30,sense_4702716,price,503,241,0.76
2026-09-04,storagesense,sense_852,852,10x10,sense_5002931,price,104,98,0.76
2026-09-04,storagesense,sense_852,852,10x10,sense_5002931,street_price,192,205,0.76
2026-09-04,storagesense,sense_852,852,10x10,sense_4873553,price,124,110,0.76
2026-09-04,storagesense,sense_1031,1031,10x15,sense_4666764,price,16,14,0.76
2026-09-04,storagesense,sense_1031,1031,12x45,sense_4679400,price,113,54,0.76
2026-09-04,storagesense,sense_1050,1050,10x10,sense_4631943,price,197,126,0.76
2026-09-04,storagesense,sense_1059,1059,10x10,sense_4631223,promo,,1st Month Free!,0.76
2026-09-04,storagesense,sense_1247,1247,10x10,sense_4723937,price,86,76,0.76
2026-09-04,storagesense,sense_1247,1247,10x10,sense_4724061,price,153,122,0.76
2026-09-04,storagesense,sense_1278,1278,10x20,sense_4723885,price,165,79,0.76
2026-09-04,storagesense,sense_1369,1369,10x15,sense_4691088,price,238,114,0.76
2026-09-04,storagesense,sense_1375,1375,13x15,sense_5085568,price,89,79,0.76
2026-09-05,storagesense,sense_831,831,5x10,sense_4637414,price,54,44,1.16
2026-09-05,storagesense,sense_163879,163879,5x10,sense_5302582,price,87,77,1.18
2026-09-05,storagesense,sense_163885,163885,10x20,sense_4619763,promo,1st Month Free!,,1.18
2026-09-05,storagesense,sense_164196,164196,5x10,sense_5115885,price,59,54,1.18
2026-09-05,storagesense,sense_164196,164196,5x10,sense_5115885,street_price,65,60,1.18
2026-09-05,storagesense,sense_164196,164196,5x10,sense_5116092,price,69,64,1.18
2026-09-05,storagesense,sense_164196,164196,5x10,sense_5116092,street_price,76,71,1.18
2026-09-05,storagesense,sense_164196,164196,10x10,sense_5115876,price,99,89,1.18
2026-09-05,storagesense,sense_164196,164196,10x10,sense_5115876,street_price,109,98,1.18
2026-09-05,storagesense,sense_164196,164196,10x15,sense_5116150,price,129,119,1.18
2026-09-05,storagesense,sense_164196,164196,10x15,sense_5116150,street_price,142,131,1.18
2026-09-05,storagesense,sense_164196,164196,12x15,sense_5115775,price,149,139,1.18
2026-09-05,storagesense,sense_164196,164196,12x15,sense_5115775,street_price,164,153,1.18
2026-09-05,storagesense,sense_164196,164196,10x20,sense_5116270,price,159,149,1.18
2026-09-05,storagesense,sense_164196,164196,10x20,sense_5116270,street_price,175,164,1.18
2026-09-05,storagesense,sense_164196,164196,10x20,sense_5116068,price,219,199,1.18
2026-09-05,storagesense,sense_164196,164196,10x20,sense_5116068,street_price,241,219,1.18
2026-09-05,storagesense,sense_164196,164196,10x25,sense_5115540,price,174,159,1.18
2026-09-05,storagesense,sense_164196,164196,10x25,sense_5115540,street_price,192,175,1.18
2026-09-05,storagesense,sense_164196,164196,10x25,sense_5115870,price,174,159,1.18
2026-09-05,storagesense,sense_164196,164196,10x25,sense_5115870,street_price,192,175,1.18
2026-09-05,storagesense,sense_17060,17060,5x10,sense_4677662,price,55,69,1.18
2026-09-05,storagesense,sense_17182,17182,10x20,sense_4617238,price,244,156,1.18
2026-09-05,storagesense,sense_2114,2114,10x10,sense_5083488,price,153,149,1.18
2026-09-05,storagesense,sense_2130,2130,10x15,sense_4691624,price,100,113,1.18
2026-09-05,storagesense,sense_2165,2165,10x15,sense_4682589,price,229,146,1.18
2026-09-05,storagesense,sense_2280,2280,10x10,sense_4840004,promo,1st Month Free!,,1.18
2026-09-05,storagesense,sense_2280,2280,10x20,sense_4839404,promo,,1st Month Free!,1.18
2026-09-05,storagesense,sense_2336,2336,15x20,sense_4692930,promo,1st Month Free!,,1.18
2026-09-05,storagesense,sense_2388,2388,10x15,sense_4633930,price,99,207,1.18
2026-09-05,storagesense,sense_2457,2457,11x30,sense_4711130,price,117,104,1.18
2026-09-05,storagesense,sense_2507,2507,10x15,sense_4714238,promo,1st Month Free!,,1.18
2026-09-05,storagesense,sense_2597,2597,10x20,sense_4665553,promo,1st Month Free!,,1.18
2026-09-05,storagesense,sense_2690,2690,10x15,sense_4680433,price,143,91,1.18
2026-09-05,storagesense,sense_2690,2690,10x15,sense_5142522,price,174,111,1.18
2026-09-05,storagesense,sense_2692,2692,10x20,sense_4651269,price,109,123,1.18
2026-09-05,storagesense,sense_2698,2698,10x20,sense_5250661,promo,,50% off first 3 months!,1.18
2026-09-05,storagesense,sense_2774,2774,10x25,sense_5180737,promo,,1st Month Free!,1.18
2026-09-05,storagesense,sense_2816,2816,10x10,sense_4614084,promo,1st Month Free!,,1.18
2026-09-05,storagesense,sense_831,831,5x10,sense_4637414,price,54,44,1.18
2026-09-05,storagesense,sense_838,838,10x25,sense_4641047,promo,,1st Month Free!,1.18
2026-09-05,storagesense,sense_852,852,5x10,sense_5225695,promo,,50% off first 3 months!,1.18
2026-09-05,storagesense,sense_859,859,10x20,sense_4643499,price,227,202,1.18
2026-09-05,storagesense,sense_1015,1015,5x10,sense_4714697,price,117,96,1.18
2026-09-05,storagesense,sense_1050,1050,10x15,sense_4628549,price,131,205,1.18
2026-09-05,storagesense,sense_1090,1090,10x10,sense_4695278,price,76,67,1.18
2026-09-05,storagesense,sense_163759,163759,10x10,sense_4672429,promo,,1st Month Free!,1.18
2026-09-05,storagesense,sense_163868,163868,10x15,sense_4619097,promo,1st Month Free!,,0.14
2026-09-06,storagesense,sense_163726,163726,10x30,sense_4918014,price,187,149,0.78
2026-09-06,storagesense,sense_163839,163839,10x15,sense_4842575,price,152,135,0.78
2026-09-06,storagesense,sense_163839,163839,10x20,sense_4842140,price,111,99,0.78
2026-09-06,storagesense,sense_17123,17123,5x10,sense_4840336,price,72,64,0.78
2026-09-06,storagesense,sense_1915,1915,10x20,sense_4645223,price,90,101,0.78
2026-09-06,storagesense,sense_1976,1976,10x15,sense_4853375,price,180,144,0.78
2026-09-06,storagesense,sense_2142,2142,5x10,sense_4694254,price,80,64,0.78
2026-09-06,storagesense,sense_2291,2291,10x10,sense_4726113,price,163,78,0.78
2026-09-06,storagesense,sense_2291,2291,10x25,sense_4726280,price,155,138,0.78
2026-09-06,storagesense,sense_2340,2340,20x20,sense_5353111,street_price,265,363,0.78
2026-09-06,storagesense,sense_2387,2387,10x25,sense_4634487,price,207,99,0.78
2026-09-06,storagesense,sense_2388,2388,5x10,sense_4633883,price,67,59,0.78
2026-09-06,storagesense,sense_2390,2390,10x15,sense_4633060,promo,1st Month Free!,,0.78
2026-09-06,storagesense,sense_2420,2420,8x10,sense_4652591,price,123,109,0.78
2026-09-06,storagesense,sense_2519,2519,5x12,sense_4791986,price,127,81,0.78
2026-09-06,storagesense,sense_2550,2550,6x10,sense_4839360,price,50,44,0.78
2026-09-06,storagesense,sense_2556,2556,10x10,sense_4722139,price,41,36,0.78
2026-09-06,storagesense,sense_2606,2606,10x15,sense_4686609,price,162,144,0.78
2026-09-06,storagesense,sense_2698,2698,10x10,sense_4699947,price,155,124,0.78
2026-09-06,storagesense,sense_835,835,8x10,sense_5316227,price,78,69,0.78
2026-09-06,storagesense,sense_856,856,5x10,sense_4682355,price,22,19,0.78
2026-09-06,storagesense,sense_865,865,10x20,sense_4641484,price,344,220,0.78
2026-09-06,storagesense,sense_1077,1077,8x10,sense_4627137,price,82,73,0.78
2026-09-06,storagesense,sense_1089,1089,5x5,sense_4668126,price,23,20,0.78
2026-09-06,storagesense,sense_1119,1119,5x15,sense_4934255,price,113,54,0.78
2026-09-06,storagesense,sense_1247,1247,5x10,sense_4723803,price,69,55,0.78
2026-09-06,storagesense,sense_1292,1292,10x10,sense_4615906,price,67,59,0.78
2026-09-06,storagesense,sense_1307,1307,10x15,sense_5227728,price,111,99,0.78
2026-09-06,storagesense,sense_1373,1373,10x20,sense_4678889,price,193,154,0.78
2026-09-06,storagesense,sense_1557,1557,10x15,sense_4668296,price,83,93,0.78
2026-09-07,storagesense,sense_163839,163839,5x5,sense_4842148,price,51,45,0.71
2026-09-07,storagesense,sense_163987,163987,10x20,sense_4920502,price,275,132,0.71
2026-09-07,storagesense,sense_16996,16996,5x5,sense_4637477,price,67,59,0.71
2026-09-07,storagesense,sense_17124,17124,5x10,sense_4716879,price,59,52,0.71
2026-09-07,storagesense,sense_1915,1915,5x15,sense_4645422,price,63,30,0.71
2026-09-07,storagesense,sense_2100,2100,5x10,sense_4676218,price,63,30,0.71
2026-09-07,storagesense,sense_2119,2119,10x20,sense_4681572,price,307,147,0.71
2026-09-07,storagesense,sense_2130,2130,5x10,sense_4693724,price,49,43,0.71
2026-09-07,storagesense,sense_2359,2359,10x10,sense_4616548,price,113,90,0.71
2026-09-07,storagesense,sense_2383,2383,10x20,sense_4622313,price,335,299,0.71
2026-09-07,storagesense,sense_2389,2389,10x15,sense_4622253,price,97,109,0.71
2026-09-07,storagesense,sense_2395,2395,5x10,sense_4621853,price,90,43,0.71
2026-09-07,storagesense,sense_825,825,10x10,sense_4617234,price,94,75,0.71
2026-09-07,storagesense,sense_1375,1375,5x10,sense_5347777,price,82,39,0.71
