zip,avg_income_per_return
35022,66714
35203,177828
35205,77158
35206,38535
35209,141998
35210,77172
35214,45037
35215,39086
35216,122723
35228,33630
35235,48116
35244,121821
35758,111704
35801,156775
35803,94184
35805,38332
35806,89946
35810,42017
36206,44746
36526,91735
36542,88847
36571,72658
36575,63702
36606,51989
36608,99240
36609,57676
36618,46205
36693,109885
36695,76824
85008,50130
85009,38067
85015,49404
85016,174787
85021,92766
85024,87899
85027,64415
85029,52300
85031,38508
85034,59387
85035,38615
85044,99125
85048,132525
85051,45684
85053,58386
85086,116734
85138,68625
85142,111190
85203,72440
85204,54124
85207,118666
85210,52057
85212,104545
85213,109956
85215,108375
85226,107230
85233,116755
85234,109132
85251,142588
85254,170834
85257,79714
85260,185218
85281,57552
85282,71034
85283,75740
85284,184403
85286,130371
85295,103173
85296,110474
85297,130586
85298,149224
85301,38857
85304,66526
85308,85113
85323,53534
85339,65966
85340,106128
85379,74631
85705,37788
85710,54175
85711,54954
85712,58189
85737,119589
85742,89314
85743,85618
85748,85831
85749,135475
90001,38588
90003,36011
90004,94758
90007,41277
90008,75442
90013,94179
90015,87024
90016,66824
90018,56319
90019,78613
90023,41727
90025,243180
90026,79710
90031,55774
90032,60411
90034,105936
90038,65064
90041,105307
90045,158219
90057,39902
90064,333298
90065,89609
90066,147753
90222,42645
90230,134780
90232,142780
90241,73908
90242,61128
90245,175406
90248,76953
90249,65829
90250,62973
90280,49173
90291,183053
90302,61668
90303,48345
90304,47420
90403,196363
90501,82849
90503,120218
90505,131863
90601,81788
90602,71762
90603,102141
90620,76940
90630,99891
90631,84580
90638,85474
90640,60480
90660,56817
90670,79244
90680,54845
90701,64682
90710,69117
90720,160476
90744,50290
90745,64905
90746,76850
90804,59155
90805,50282
90806,57204
90807,105342
91006,149805
91010,71588
91016,96127
91040,87384
91042,79548
91103,114358
91105,316749
91107,145734
91203,74198
91204,66964
91302,341440
91303,55492
91304,79076
91306,62982
91311,111550
91321,79600
91324,82348
91325,84901
91331,47137
91342,60805
91344,95812
91350,116012
91352,60313
91355,119745
91356,164537
91361,316618
91364,209087
91387,96119
91402,46996
91403,209442
91406,70450
91411,74768
91505,119780
91601,72123
91604,205618
91605,51106
91702,63115
91706,49222
91724,90736
91730,71616
91744,49550
91746,58749
91748,77637
91750,108192
91754,75506
91755,58763
91761,67055
91763,54139
91766,54809
91773,99926
91776,56475
91786,68977
91789,117314
91791,89005
91803,69078
91911,55550
91914,131136
91945,60363
91977,64067
92008,151051
92010,139153
92011,178045
92019,94959
92020,75829
92025,82689
92075,254516
92083,60414
92101,121430
92105,47839
92110,104158
92111,81820
92114,56581
92121,196708
92126,93729
92128,133093
92154,57075
92260,97121
92264,113843
92270,188736
92316,50370
92324,51872
92335,45537
92374,82551
92505,57664
92509,57284
92563,84286
92606,125366
92614,145263
92618,172515
92620,151041
92627,98192
92630,107117
92637,81537
92647,92874
92649,160645
92653,149715
92656,135927
92675,171714
92677,163247
92683,61756
92704,56636
92705,155982
92708,99558
92780,78109
92804,56298
92807,139962
92821,109061
92833,86383
92860,102311
92867,122161
92868,86893
92880,95933
92882,78837
93003,101200
93021,118005
93033,48517
93036,71151
93063,94898
93065,104106
93111,149165
93117,97106
93551,83674
93722,58535
93940,128095
93955,68945
94002,282570
94010,517004
94014,81674
94015,91709
94043,231447
94063,113275
94070,327331
94080,110884
94085,179389
94089,146163
94103,143751
94107,230156
94110,177790
94118,348031
94124,69923
94303,217770
94403,196652
94404,224176
94501,136466
94509,63668
94520,75146
94521,113543
94523,138185
94531,83461
94533,70847
94536,164065
94538,136912
94539,284097
94541,79399
94544,79115
94546,119243
94549,380383
94551,129627
94553,115057
94558,126360
94560,146633
94561,91785
94564,90851
94565,69140
94566,263369
94568,210656
94577,89810
94578,69997
94580,79288
94583,273286
94587,117590
94589,61187
94590,61355
94591,83775
94597,146745
94602,140789
94606,68073
94608,115355
94621,49135
94710,125133
94803,92567
94804,72811
94806,63527
94903,172985
94925,282569
94928,81752
94941,371880
94945,150695
94952,137311
94954,108181
95008,187522
95014,321258
95032,518785
95035,156631
95050,152812
95054,215889
95060,134447
95062,117085
95065,147224
95070,496923
95110,111521
95111,73393
95121,99362
95122,64729
95123,131382
95133,115664
95136,134498
95204,64406
95206,50469
95207,60952
95210,47510
95219,117130
95304,113747
95340,75889
95348,55844
95350,64456
95355,77373
95366,118973
95376,72880
95403,99264
95407,61374
95476,159389
95608,97967
95610,66004
95616,120269
95621,63656
95624,91743
95660,48379
95661,121102
95670,79303
95688,109208
95691,92505
95742,124602
95747,118690
95811,91880
95815,48991
95819,163216
95821,70123
95823,49256
95825,67160
95826,70484
95828,53146
95831,104112
95834,80073
95841,56613
95842,52311
80002,83890
80004,92942
80007,183559
80010,47245
80012,51934
80013,67293
80014,65701
80015,92885
80016,143038
80017,54837
80020,97797
80021,86863
80030,60371
80031,91238
80033,86306
80110,65506
80111,223568
80112,127336
80120,105465
80123,134398
80124,159092
80126,165487
80127,128745
80134,138945
80202,190395
80205,93463
80214,70463
80219,50983
80221,66022
80222,100654
80223,71359
80224,95124
80226,73342
80227,90105
80228,114529
80229,54277
80231,79720
80232,73530
80233,63065
80234,84033
80237,165156
80238,182805
80246,125725
80247,56578
80260,47135
80401,141654
80501,68699
80503,147340
80513,116189
80524,98601
80525,95501
80526,81384
80537,82404
80538,87982
80601,71721
80603,83718
80620,53626
80906,127402
80907,68064
80909,53814
80910,44109
80915,55817
80917,59567
80918,70192
80919,117343
80922,70688
80923,79978
80924,122075
06037,106016
06042,70190
06082,74570
06108,48307
06405,124334
06450,60102
06489,106877
06516,59479
06517,105990
06605,53087
06705,45811
06811,97876
06824,293134
06851,104602
06902,121343
19713,62121
19720,57072
19808,87214
19901,59752
20002,110751
20003,149388
32073,65040
32082,361976
32092,123898
32095,135247
32114,39159
32119,56140
32174,93652
32179,51545
32205,82666
32207,114407
32210,68929
32211,47785
32216,60807
32224,131089
32244,50908
32250,167152
32256,95141
32277,53821
32311,85189
32407,78179
32408,104858
32503,90816
32504,82751
32507,100860
32514,61312
32526,67764
32533,77323
32539,60606
32548,80476
32550,298065
32566,83711
32571,85258
32578,108157
32583,72568
32701,60561
32703,60108
32707,60720
32708,95155
32713,81572
32714,62415
32730,54630
32746,123931
32750,78010
32751,153955
32765,102703
32771,83519
32773,56969
32779,178091
32789,365256
32792,78021
32803,121379
32804,172792
32806,113965
32807,42602
32808,34414
32809,52334
32811,36436
32817,62746
32818,39846
32819,115953
32821,47426
32822,40109
32825,58387
32826,51431
32835,66236
32837,60814
32839,40931
32905,50854
32907,57245
32909,61259
32926,66231
32935,55632
32940,128538
32952,119156
32955,89849
32962,62238
32967,100123
33009,77255
33010,33243
33014,62391
33015,53292
33016,62420
33020,56201
33021,94723
33024,61518
33025,57376
33027,94717
33028,101899
33030,44275
33033,45762
33054,34040
33056,41127
33060,68144
33063,53471
33064,109637
33065,59841
33068,41544
33069,72169
33073,78398
33076,217871
33127,49710
33128,39284
33130,103945
33133,456121
33135,39307
33137,221250
33139,637246
33141,167117
33142,35649
33155,87848
33156,578820
33157,80956
33160,315544
33161,49447
33166,92201
33168,40637
33169,46494
33170,52350
33172,49926
33173,88788
33175,69650
33177,49135
33178,85348
33179,84792
33180,189087
33181,114009
33182,80428
33183,60944
33186,73752
33309,62912
33311,41856
33313,38158
33314,61354
33316,566920
33317,81174
33319,48752
33321,56664
33324,108777
33325,114758
33328,133425
33330,282244
33331,234632
33334,74676
33351,55386
33401,363968
33404,121304
33405,135114
33407,58104
33408,470964
33409,64943
33410,249150
33411,85668
33414,169433
33415,41747
33426,62725
33431,299842
33432,664784
33433,133319
33434,178080
33436,99019
33441,118623
33442,72570
33449,187998
33458,197090
33461,40989
33462,128955
33463,54816
33467,100105
33483,819943
33484,85611
33487,292145
33498,156608
33511,67796
33534,53172
33545,88718
33566,69704
33578,69045
33594,75827
33596,106690
33606,323398
33611,136915
33612,50167
33613,93258
33614,41141
33615,59407
33617,57125
33618,114460
33626,150671
33634,60077
33647,115570
33709,52908
33711,74024
33713,71110
33714,47050
33755,78381
33764,81733
33765,64121
33770,83932
33771,51278
33772,81849
33774,84905
33781,51497
33880,55735
33881,54785
33896,62291
33907,69567
33908,161825
33909,58203
33913,180530
33928,153602
33966,97432
33981,88084
33983,73354
34104,88913
34110,338908
34114,154653
34117,75688
34119,241281
34135,135518
34203,70892
34205,53834
34207,46804
34209,127695
34210,96155
34212,130081
34219,105223
34221,78568
34223,119675
34229,275312
34231,111863
34232,76496
34233,88327
34234,63489
34240,193250
34243,93160
34275,146737
34285,163016
34292,110839
34420,52134
34470,51030
34471,108541
34472,48920
34473,48992
34474,61422
34475,47300
34476,69144
34479,54667
34480,94972
34481,74963
34482,103014
34491,61793
34601,65588
34609,63477
34610,64004
34613,63572
34638,99656
34639,89758
34653,49716
34655,91234
34668,44459
34669,58072
34677,103208
34689,87283
34691,49667
34711,81619
34731,68467
34741,40390
34743,41360
34744,54856
34748,63480
34786,247313
34787,110225
34947,40710
34957,113562
34982,54276
34986,94699
34994,101436
30008,49791
30009,193366
30019,84753
30022,167407
30024,140264
30030,167141
30032,50215
30033,125375
30034,44021
30035,40020
30038,50239
30041,143301
30043,69852
30044,51701
30045,62101
30046,48717
30047,71424
30052,67960
30058,42542
30060,62079
30062,138030
30064,127645
30066,102273
30068,186061
30071,57165
30075,191923
30076,123304
30080,107315
30083,40646
30084,72252
30087,76013
30092,109349
30093,34594
30094,61872
30096,69911
30097,180979
30101,99766
30114,96138
30134,54210
30135,64295
30144,70144
30168,41302
30188,106260
30189,94774
30213,56879
30214,85333
30215,117380
30228,51597
30236,53220
30253,65764
30260,38245
30263,77442
30274,35568
30297,32004
30303,54962
30306,269591
30316,96435
30318,102591
30319,256257
30324,125136
30329,145211
30331,55100
30338,176933
30339,158946
30340,55573
30341,98219
30342,269805
30344,46977
30350,152233
30458,63323
30501,73258
30506,119620
30519,86295
30542,89062
30548,105118
30566,63526
30680,65243
30809,113255
30815,49074
30906,37653
30907,86125
30909,72854
31322,80351
31405,81147
31419,64479
96701,86726
96706,76339
96744,94052
96782,71975
96789,92367
96797,65635
96814,103667
96816,113539
96817,69817
96826,63139
83605,55294
83642,107063
83646,107637
83651,55828
83669,107729
83687,70744
83704,62280
83705,68770
83709,81083
83714,112359
60004,136070
60005,125186
60007,89604
60008,76914
60015,286009
60016,71445
60026,247400
60048,236207
60053,93186
60056,94781
60074,75666
60076,99553
60077,85439
60085,45563
60089,128832
60090,73255
60106,61851
60107,70741
60110,59003
60120,56901
60123,59281
60126,195896
60133,59372
60134,151652
60139,61158
60148,91000
60155,51887
60162,57924
60171,56153
60172,99044
60173,105853
60174,122489
60176,52825
60181,78103
60187,159378
60188,82626
60190,128533
60193,90219
60195,74960
60201,188962
60402,57813
60409,43695
60411,52514
60428,40702
60429,51728
60435,60437
60438,54865
60440,65942
60446,63692
60453,72445
60455,58967
60458,50177
60459,56527
60462,101766
60477,80585
60478,52390
60487,99422
60503,98485
60504,81658
60505,43739
60527,192043
60532,115133
60540,196975
60545,69568
60561,109039
60563,130336
60565,158020
60605,160153
60607,184685
60609,49613
60610,202179
60613,139423
60614,300277
60617,48342
60618,114869
60619,58914
60623,38418
60625,88580
60626,61773
60629,44641
60631,111644
60632,43596
60636,33684
60638,68863
60639,42660
60640,96759
60642,138888
60643,79881
60645,81456
60646,129407
60652,56258
60654,223942
60660,78369
60706,72463
60707,66627
60712,142073
60714,75062
60803,58484
60804,43592
60914,79582
62034,108257
46032,227003
46037,154186
46038,104696
46060,92463
46062,129294
46074,146438
46077,222263
46112,94698
46203,54981
46204,128976
46205,79441
46214,49015
46219,52526
46220,117971
46224,44215
46227,49779
46229,48530
46231,56098
46241,40493
46250,101428
46254,48965
46256,134439
46268,58147
46319,61384
46320,36947
46321,116679
46342,63327
46383,88356
46410,55529
46804,98757
46808,47832
46809,50836
46814,208251
47129,48591
47130,65060
47172,82002
47630,115574
47710,50126
47715,64319
47720,81174
47905,71827
47906,95719
47909,65800
51503,86694
66030,75047
66046,59092
66061,105955
66062,99724
66102,40255
66106,48519
66109,78619
66202,72026
66203,65001
66210,91154
66211,370456
66213,121701
66215,84774
66216,104257
66217,164798
66226,148569
66607,32971
66609,59556
67205,129436
67207,58674
67209,72620
67211,38892
67212,64663
67213,39364
67216,41748
67217,45806
67218,50804
40031,89291
40213,54900
40214,49505
40216,44753
40218,46253
40219,43332
40220,66453
40228,60860
40229,55399
40241,123270
40258,50760
40299,86883
41017,133215
41042,63419
70006,80370
70053,52826
70058,50492
70094,43848
70115,146704
70118,132922
70119,63662
70123,98990
70125,72834
70127,36306
70128,48039
70130,150683
70706,75737
70726,66080
71111,77222
71112,58151
20601,77199
20705,62861
20706,59035
20707,72990
20708,65430
20715,92548
20716,85361
20720,102432
20722,52832
20724,74054
20735,77811
20740,63337
20743,52644
20744,75762
20745,58683
20746,55836
20747,54331
20781,67323
20782,60887
20785,58572
20816,341637
20850,138832
20852,133825
20855,129007
20866,83677
20874,82687
20877,58767
20879,71172
20901,95075
20904,79875
20910,112335
20912,90057
21012,139290
21015,114023
21037,142832
21042,179052
21045,92297
21046,105013
21050,113617
21054,139522
21060,73325
21061,59591
21075,97381
21093,167877
21108,129899
21113,100582
21117,96910
21122,96927
21133,62940
21157,91183
21202,82169
21207,52805
21209,155914
21211,87290
21212,141016
21213,38996
21215,48125
21218,75114
21222,49726
21224,71646
21228,91029
21229,48864
21230,97448
21234,64770
21236,71111
21286,110296
21401,141057
21701,94418
21702,84076
21704,141361
01020,58572
01129,59546
01560,108337
01702,71026
01772,294672
01801,99794
01824,135949
01830,71450
01832,69617
01844,74833
01886,167149
01904,73168
01905,53084
01923,110482
01960,84297
01970,84282
02090,288965
02118,210006
02135,75743
02136,65479
02145,90574
02148,70687
02149,57135
02151,63045
02155,103865
02169,84370
02188,86813
02190,96553
02301,52951
02360,104287
02368,68326
02452,108533
02453,96968
02740,50728
02780,64581
48021,42650
48026,61102
48033,62828
48038,67612
48043,48650
48044,87232
48051,68644
48066,45310
48071,56161
48073,102109
48075,63877
48080,64829
48083,83436
48089,44113
48091,41108
48101,72676
48104,143863
48124,79321
48150,73471
48167,158975
48176,127671
48178,124438
48180,49369
48183,71134
48185,53853
48187,99514
48188,107850
48215,42901
48237,57086
48309,130110
48310,54027
48312,61883
48314,80678
48315,102458
48317,65315
48326,84936
48327,67477
48328,69767
48334,107090
48335,96664
48336,73582
48340,35779
48390,96046
48393,75523
48451,94212
48507,42587
48529,35719
48906,53340
49202,40995
49503,107464
49508,56244
49509,46053
49512,68735
55038,113124
55044,132189
55068,98952
55077,131000
55082,135346
55102,88890
55107,58168
55108,89020
55109,65642
55110,126008
55112,93498
55114,63510
55117,59998
55118,114091
55121,82411
55122,91643
55124,90745
55125,107553
55127,202732
55303,85022
55305,147743
55306,91012
55317,173381
55331,311393
55337,72518
55343,90667
55344,92718
55347,183001
55350,74674
55369,97200
55378,104049
55401,155895
55406,81052
55411,44916
55416,128602
55420,64523
55421,57598
55423,70211
55427,86691
55428,60775
55432,62437
55433,62563
55434,66239
55435,116766
55439,232715
55441,107325
55445,79376
55447,137142
56379,73778
38637,42330
38654,77807
38671,50764
63005,315912
63011,116936
63021,108847
63033,48564
63042,48367
63044,70419
63074,43594
63088,72818
63102,77788
63108,118991
63110,84156
63114,45155
63119,132108
63123,69551
63125,54082
63126,91644
63129,90556
63132,124760
63134,35140
63136,33791
63138,41139
63143,65825
63146,107850
63303,93464
63376,80819
64012,78820
64014,72930
64055,56890
64057,67458
64068,87824
64079,103981
64086,106135
64105,72625
64111,77688
64118,61118
64131,60822
64133,54350
64134,43202
64136,62891
64137,50537
64138,52748
64139,98471
64804,73153
68022,204024
68114,138132
68127,63567
68128,75821
68134,58327
68136,130268
68144,90561
68164,86951
89014,77705
89030,36392
89032,50570
89102,60264
89103,66817
89104,43051
89106,42898
89108,45715
89110,46411
89119,49385
89121,46880
89122,46866
89123,82085
89130,71900
89141,154016
89144,178067
89146,66890
89147,66880
89149,114278
89169,80408
89410,103984
89434,75062
89502,61273
89511,284958
89512,48080
03062,115070
03063,98519
03103,57977
03841,109281
03874,84896
07004,143477
07024,130406
07030,225115
07047,58715
07057,67248
07076,190646
07080,91327
07092,218198
07205,67673
07302,200782
07305,59619
07424,95058
07430,168800
07470,140919
07506,88607
07652,148377
07662,88135
07724,104102
07726,139225
07731,94048
07746,182427
07747,111388
07748,135792
07751,177189
07753,79375
07801,54636
07852,107711
07866,108150
07869,163555
07922,210313
07936,156381
07950,151157
08005,82637
08009,83658
08010,59513
08012,75429
08016,76530
08021,55243
08034,115571
08043,139448
08051,79600
08052,61555
08053,111743
08060,77273
08075,76586
08080,110155
08081,75632
08091,78161
08092,92982
08223,99947
08234,72285
08527,103512
08619,83130
08620,97232
08638,55646
08648,109596
08701,92358
08721,83605
08723,83058
08724,88689
08807,147910
08812,111559
08816,130122
08817,87539
08850,119610
08852,132924
08857,98220
08861,43700
08902,89218
10303,53819
10309,106576
10451,41203
10454,35978
10465,70844
10541,110254
10550,49356
10701,60463
10710,93713
10801,84823
10803,320056
10952,126337
10977,71945
11021,221970
11050,272196
11101,135121
11201,278003
11205,107587
11207,44021
11212,39978
11213,57090
11232,59204
11234,81222
11235,70088
11236,55276
11377,53913
11428,57587
11530,357392
11550,50688
11558,97934
11570,191964
11704,75414
11706,71142
11714,95130
11725,132452
11727,75949
11735,96056
11738,84556
11741,94141
11746,125214
11747,243054
11757,78252
11764,127487
11766,146201
11767,118902
11768,190617
11772,79955
11777,194862
11779,88496
11788,125525
11791,275440
11801,79844
12553,79649
13090,77588
14068,103242
14086,89009
14120,71309
14150,62209
14221,117946
14224,72484
14226,97107
14227,59730
14228,84599
14580,100090
14606,49371
14610,126528
14625,98138
27103,66654
27104,149800
27105,37387
27106,108819
27262,90698
27292,60057
27360,55786
27405,41966
27406,50451
27407,70920
27409,60441
27410,100003
27510,75724
27511,122023
27516,143796
27517,192095
27519,166023
27520,71539
27526,98380
27529,76036
27539,139665
27540,129246
27560,112010
27587,127838
27603,87819
27604,73201
27610,51332
27612,129022
27616,69836
27617,107580
27703,78651
27704,51868
27705,117521
27707,102266
27713,99778
28025,71472
28027,89844
28052,43778
28054,56358
28056,82279
28078,126112
28079,83669
28083,49818
28105,104964
28110,74241
28117,164005
28134,78756
28147,59345
28173,181993
28205,97879
28206,55221
28208,52378
28209,180250
28210,157497
28213,47571
28214,63369
28215,56383
28216,57625
28217,50185
28227,74677
28262,56442
28273,60196
28278,116600
28303,68750
28304,50372
28379,54544
28468,97069
28602,58934
28610,59193
28658,66291
43004,93837
43017,171644
43026,91783
43065,166438
43068,55806
43081,83787
43082,151695
43085,114569
43110,69442
43123,75599
43125,59646
43147,94122
43207,46608
43212,120573
43215,158974
43220,136237
43228,48699
43229,44657
43230,80504
43231,52129
43232,40429
43235,97921
44011,131368
44028,96948
44054,69052
44111,49433
44124,119051
44128,37928
44130,59204
44147,107892
44256,99067
44281,98491
44310,37416
44319,74290
45011,86300
45014,64542
45039,104329
45040,139527
45069,113017
45102,65625
45150,88686
45209,101613
45211,51298
45227,94742
45231,57309
45241,111843
45245,79340
45248,83698
45251,57616
45255,118756
45342,68580
45414,67956
45424,61326
45434,118027
45439,48797
45506,43641
73012,118836
73013,132926
73018,64268
73064,83282
73071,64568
73072,116941
73099,78482
73112,64298
73114,47019
73116,285880
73119,34616
73120,101797
73121,93483
73127,42827
73128,61609
73129,33036
73131,209674
73132,56347
73134,77249
73139,48623
73142,163084
73149,40750
73159,47732
73160,62632
73170,87336
73505,56444
74012,70061
74014,85029
74075,63903
74133,83342
97005,70206
97006,90251
97007,112569
97008,98903
97030,59188
97034,270475
97035,163922
97045,96817
97086,112071
97123,94112
97202,102592
97203,73399
97211,96947
97213,97571
97216,60927
97219,134656
97220,62465
97222,72632
97223,103173
97224,106297
97225,156264
97227,77583
97230,62787
97232,88208
97236,56970
97266,54038
97267,84118
97301,51482
97302,93430
97303,70369
15024,89049
15090,186467
15205,72717
15234,72719
15237,108500
16046,174928
18034,161884
18052,64758
18062,101462
18104,98267
18915,107401
18936,129984
18966,119249
19014,86101
19015,62620
19018,61821
19020,76584
19030,76316
19040,88008
19047,113923
19053,88239
19073,254418
19082,43842
19083,117614
19090,76344
19111,52302
19114,65911
19116,65328
19124,37397
19128,87148
19134,40034
19135,42505
19137,57282
19141,40718
19148,63378
19150,53541
19153,48785
19312,344150
19342,157990
19355,247112
19382,165099
19403,107018
19406,119053
19462,135195
19468,101470
02888,73280
02904,62513
02909,40890
02910,59363
02919,70967
02920,69678
29016,87557
29033,55311
29045,75761
29072,105664
29118,74558
29150,62098
29153,49543
29154,58114
29169,67934
29170,60406
29201,68631
29203,36306
29206,137287
29209,70906
29210,42367
29229,61885
29301,56751
29303,41430
29316,63749
29406,40948
29407,98427
29412,117842
29414,81059
29418,50654
29420,63437
29445,57042
29456,52725
29464,182808
29466,156937
29483,70682
29485,71046
29501,89883
29526,59175
29527,48078
29566,66511
29568,56430
29576,88710
29579,81778
29585,130048
29588,58169
29605,103154
29607,95124
29609,89447
29611,43166
29615,100996
29621,77978
29625,61635
29650,99682
29651,85325
29662,58346
29680,75434
29681,105087
29687,66396
29707,115714
29708,134250
29710,97353
29715,115030
29730,59276
29732,79432
29803,90355
29812,52947
29829,65624
29906,63647
29926,135707
29928,214431
37013,50370
37027,272395
37064,191391
37066,112485
37076,72071
37115,49922
37127,81535
37128,79052
37138,91180
37167,64261
37174,94753
37203,222650
37207,53969
37209,96037
37210,67690
37211,63372
37343,83724
37363,110626
37402,141694
37405,185721
37412,53247
37415,88391
37421,81867
37924,62035
38016,63691
38017,144813
38018,72862
38103,163464
38115,34557
38117,170304
38118,34489
38122,41100
38127,30650
38128,35578
38133,74824
38134,48834
75001,110324
75002,129591
75006,66299
75007,86393
75019,175665
75023,90527
75024,201247
75025,134364
75034,213052
75038,113323
75040,52355
75041,46928
75042,45067
75043,58441
75044,76156
75048,98812
75050,53105
75051,43582
75052,61018
75056,119601
75057,61810
75061,49918
75062,67050
75063,138247
75067,62252
75070,113100
75071,124679
75074,75259
75075,100127
75077,137631
75078,214108
75080,119633
75081,75569
75087,124935
75089,83626
75090,56971
75093,218088
75094,141467
75098,92359
75104,72802
75114,66715
75116,50292
75126,80394
75137,61983
75146,49170
75149,47524
75150,47456
75167,105178
75204,122938
75206,145804
75207,128922
75208,107892
75209,406095
75214,241810
75218,153680
75226,74815
75227,42013
75228,53651
75229,279163
75230,418845
75231,85683
75232,42860
75233,50791
75234,89018
75235,71942
75236,47987
75237,33813
75238,140674
75240,109728
75243,65069
75244,184610
75252,145805
75409,80659
75454,116952
76001,80576
76006,68618
76008,190414
76010,37932
76011,56376
76012,84605
76013,75234
76014,41966
76015,57953
76017,82077
76018,53280
76021,85768
76022,61022
76028,88918
76034,366388
76040,63858
76053,60795
76054,109160
76060,89059
76063,103898
76065,106217
76092,446173
76102,363352
76103,48844
76104,47128
76107,230674
76108,74329
76109,278711
76110,74775
76111,48476
76112,50565
76115,37264
76116,86371
76118,69888
76120,59577
76126,142964
76131,75439
76132,125186
76133,56657
76134,47539
76137,70381
76155,57389
76177,80808
76179,87771
76180,73287
76207,89466
76210,97375
76226,205227
76227,94931
76244,92070
76262,228033
76522,53128
77004,102975
77008,204210
77013,40574
77014,43349
77015,44252
77017,43065
77018,189937
77019,559843
77024,677847
77025,180162
77027,294675
77029,39999
77030,215094
77031,45572
77034,43546
77035,62447
77036,36041
77037,37619
77040,65928
77042,103411
77044,75340
77049,51862
77054,55561
77055,190021
77056,419755
77057,174935
77058,96935
77061,44047
77063,82886
77065,61533
77068,76074
77070,73524
77071,60281
77072,34602
77073,46100
77074,40306
77077,113375
77079,205109
77081,42823
77082,76166
77083,44095
77084,58228
77086,39561
77090,40281
77091,46358
77092,58826
77096,116289
77098,301235
77099,37025
77304,97352
77318,103121
77339,97885
77346,97100
77354,115146
77356,146252
77365,79822
77373,57306
77375,103018
77379,117658
77380,193105
77384,125620
77385,94149
77386,143343
77388,77903
77389,169602
77396,68027
77406,129130
77407,87090
77429,118602
77433,125198
77449,51595
77450,118806
77459,125785
77469,81753
77471,54979
77478,151282
77494,148498
77502,43553
77503,47862
77505,84242
77521,63745
77539,72378
77545,54629
77546,146021
77568,60610
77573,113140
77578,113601
77581,102587
77583,75694
77584,107181
77598,54720
77701,41357
77706,127280
77713,90783
78023,125626
78109,55295
78130,80719
78148,64105
78201,44002
78208,45504
78209,227519
78210,48801
78211,34266
78216,108051
78217,57711
78218,53187
78223,45129
78228,40352
78230,107024
78231,226964
78232,118235
78233,52822
78238,45318
78240,62138
78242,36252
78244,48184
78245,57687
78247,68179
78249,74744
78251,58283
78253,79866
78255,188850
78258,138336
78602,88735
78610,94658
78626,87404
78634,83626
78641,136395
78660,87252
78664,79234
78666,65196
78681,131950
78703,591767
78704,185940
78717,154658
78728,74356
78734,241766
78735,321955
78738,338286
78741,66755
78744,69320
78745,85258
78746,987320
78748,90177
78750,161352
78751,103555
78753,56180
78758,74770
78759,152989
79905,33550
79912,95377
79924,41825
79935,53815
79936,54293
84041,76634
84043,109291
84047,63963
84057,62080
84070,89490
84096,94663
84116,50607
84118,53279
84119,49702
84124,150851
20109,56749
20110,71821
20111,70939
20121,86664
20151,118597
20155,131102
20164,68222
20166,97626
20170,104262
20171,162225
20175,171403
20191,136420
22003,101881
22015,123923
22030,130734
22031,123498
22032,136678
22041,82170
22042,101371
22044,105243
22079,109241
22102,417814
22150,80413
22191,67356
22192,94173
22193,73450
22202,129122
22304,98379
22306,82766
22312,84848
22314,195676
22408,80022
22554,97341
22901,137258
22980,66260
23059,164002
23112,102649
23116,119438
23223,52812
23225,75336
23228,55839
23234,46207
23235,94016
23237,55443
23320,77286
23321,79774
23322,108860
23435,96681
23452,86067
23453,64015
23454,110839
23455,102530
23462,59185
23464,71927
23502,54753
23508,92877
23513,42903
23601,64216
23602,63090
23606,79268
23608,52190
23661,53212
23666,56452
23692,102775
23701,52054
23803,47323
23805,55255
23836,100028
23875,63385
24013,34326
24014,112943
24019,68278
24153,78947
98001,90113
98002,59375
98003,69156
98005,229719
98006,238917
98011,151000
98021,177292
98023,84226
98026,122952
98027,188323
98030,71099
98031,80937
98032,69220
98033,308328
98034,166827
98036,103695
98037,93785
98038,137860
98042,104798
98043,89201
98052,223944
98055,82157
98056,120509
98057,81446
98072,208838
98074,295994
98087,91710
98101,241667
98103,160394
98105,175348
98106,97617
98107,145789
98109,181314
98119,185395
98122,138354
98125,111833
98126,128796
98133,96491
98144,134937
98148,79745
98155,123972
98168,68193
98178,85425
98204,61661
98208,93419
98223,89241
98226,94038
98310,68775
98312,80558
98335,163616
98366,77817
98373,89362
98374,93312
98375,80098
98405,65235
98406,103845
98444,54063
98466,94259
98498,87479
98499,66976
98501,96341
98502,100501
98512,88812
98513,83081
98516,97382
98662,75241
98664,90605
98665,79448
98682,78375
98685,117421
53022,98851
53024,107547
53154,80269
53186,71408
53209,49616
53214,53058
53216,41157
53218,37175
53221,55826
53223,53363
53224,55480
53225,46364
53227,60187
53228,74556
53406,75955
